ticker,is_loss_making,eps_growth_3y_pct,target_pe_bear,target_pe_base,target_pe_bull,manual_forward_eps,max_position_pct,sector_group
005930,0.0,10.0,8.0,12.0,16.0,,3.0,반도체와반도체장비
000660,0.0,10.0,8.0,12.0,16.0,,3.0,반도체와반도체장비
005380,0.0,10.0,8.0,12.0,16.0,,3.0,자동차
373220,0.0,10.0,8.0,12.0,16.0,,3.0,전기제품
402340,0.0,10.0,8.0,12.0,16.0,,3.0,복합기업
207940,0.0,10.0,8.0,12.0,16.0,,3.0,제약
012450,0.0,10.0,8.0,12.0,16.0,,3.0,우주항공과국방
034020,0.0,10.0,8.0,12.0,16.0,,3.0,기계
000270,0.0,10.0,8.0,12.0,16.0,,3.0,자동차
105560,0.0,10.0,8.0,12.0,16.0,,3.0,은행
329180,0.0,10.0,8.0,12.0,16.0,,3.0,조선
009150,0.0,10.0,8.0,12.0,16.0,,3.0,전자장비와기기
032830,0.0,10.0,8.0,12.0,16.0,,3.0,생명보험
028260,0.0,10.0,8.0,12.0,16.0,,3.0,복합기업
055550,0.0,10.0,8.0,12.0,16.0,,3.0,은행
068270,0.0,10.0,8.0,12.0,16.0,,3.0,제약
006400,0.0,10.0,8.0,12.0,16.0,,3.0,전기제품
042660,0.0,10.0,8.0,12.0,16.0,,3.0,조선
267260,0.0,10.0,8.0,12.0,16.0,,3.0,전기장비
006800,0.0,10.0,8.0,12.0,16.0,,3.0,증권
012330,0.0,10.0,8.0,12.0,16.0,,3.0,자동차부품
010130,0.0,10.0,8.0,12.0,16.0,,3.0,비철금속
086790,0.0,10.0,8.0,12.0,16.0,,3.0,은행
035420,0.0,10.0,8.0,12.0,16.0,,3.0,양방향미디어와서비스
005490,0.0,10.0,8.0,12.0,16.0,,3.0,철강
009540,0.0,10.0,8.0,12.0,16.0,,3.0,조선
015760,0.0,10.0,8.0,12.0,16.0,,3.0,전기유틸리티
010120,0.0,10.0,8.0,12.0,16.0,,3.0,전기장비
298040,0.0,10.0,8.0,12.0,16.0,,3.0,전기장비
042700,0.0,10.0,8.0,12.0,16.0,,3.0,반도체와반도체장비
034730,0.0,10.0,8.0,12.0,16.0,,3.0,석유와가스
316140,0.0,10.0,8.0,12.0,16.0,,3.0,은행
010140,0.0,10.0,8.0,12.0,16.0,,3.0,조선
051910,0.0,10.0,8.0,12.0,16.0,,3.0,화학
272210,0.0,10.0,8.0,12.0,16.0,,3.0,우주항공과국방
064350,0.0,10.0,8.0,12.0,16.0,,3.0,우주항공과국방
035720,0.0,10.0,8.0,12.0,16.0,,3.0,양방향미디어와서비스
096770,0.0,10.0,8.0,12.0,16.0,,3.0,석유와가스
000150,0.0,10.0,8.0,12.0,16.0,,3.0,복합기업
000810,0.0,10.0,8.0,12.0,16.0,,3.0,손해보험
017670,0.0,10.0,8.0,12.0,16.0,,3.0,무선통신서비스
003670,0.0,10.0,8.0,12.0,16.0,,3.0,화학
267250,0.0,10.0,8.0,12.0,16.0,,3.0,조선
066570,0.0,10.0,8.0,12.0,16.0,,3.0,전자제품
011200,0.0,10.0,8.0,12.0,16.0,,3.0,해운사
138040,0.0,10.0,8.0,12.0,16.0,,3.0,湲고?
000720,0.0,10.0,8.0,12.0,16.0,,3.0,건설
033780,0.0,10.0,8.0,12.0,16.0,,3.0,담배
079550,0.0,10.0,8.0,12.0,16.0,,3.0,우주항공과국방
047810,0.0,10.0,8.0,12.0,16.0,,3.0,우주항공과국방
024110,0.0,10.0,8.0,12.0,16.0,,3.0,은행
086280,0.0,10.0,8.0,12.0,16.0,,3.0,항공화물운송과물류
030200,0.0,10.0,8.0,12.0,16.0,,3.0,다각화된통신서비스
278470,0.0,10.0,8.0,12.0,16.0,,3.0,화장품
0126Z0,0.0,10.0,8.0,12.0,16.0,,3.0,제약
003550,0.0,10.0,8.0,12.0,16.0,,3.0,복합기업
071050,0.0,10.0,8.0,12.0,16.0,,3.0,증권
018260,0.0,10.0,8.0,12.0,16.0,,3.0,IT서비스
010950,0.0,10.0,8.0,12.0,16.0,,3.0,석유와가스
047050,0.0,10.0,8.0,12.0,16.0,,3.0,무역회사와판매업체
005940,0.0,10.0,8.0,12.0,16.0,,3.0,증권
259960,0.0,10.0,8.0,12.0,16.0,,3.0,게임엔터테인먼트
323410,0.0,10.0,8.0,12.0,16.0,,3.0,은행
005830,0.0,10.0,8.0,12.0,16.0,,3.0,손해보험
307950,0.0,10.0,8.0,12.0,16.0,,3.0,IT서비스
047040,0.0,10.0,8.0,12.0,16.0,,3.0,건설
039490,0.0,10.0,8.0,12.0,16.0,,3.0,증권
352820,0.0,10.0,8.0,12.0,16.0,,3.0,방송과엔터테인먼트
003230,0.0,10.0,8.0,12.0,16.0,,3.0,식품
006260,0.0,10.0,8.0,12.0,16.0,,3.0,전기장비
000880,0.0,10.0,8.0,12.0,16.0,,3.0,복합기업
016360,0.0,10.0,8.0,12.0,16.0,,3.0,증권
028050,0.0,10.0,8.0,12.0,16.0,,3.0,건설
011070,0.0,10.0,8.0,12.0,16.0,,3.0,전자장비와기기
003490,0.0,10.0,8.0,12.0,16.0,,3.0,항공사
007660,0.0,10.0,8.0,12.0,16.0,,3.0,전자장비와기기
005387,0.0,10.0,8.0,12.0,16.0,,3.0,자동차
443060,0.0,10.0,8.0,12.0,16.0,,3.0,조선
326030,0.0,10.0,8.0,12.0,16.0,,3.0,제약
267270,0.0,10.0,8.0,12.0,16.0,,3.0,기계
180640,0.0,10.0,8.0,12.0,16.0,,3.0,항공사
000100,0.0,10.0,8.0,12.0,16.0,,3.0,제약
090430,0.0,10.0,8.0,12.0,16.0,,3.0,화장품
377300,0.0,10.0,8.0,12.0,16.0,,3.0,IT서비스
009830,0.0,10.0,8.0,12.0,16.0,,3.0,에너지장비및서비스
032640,0.0,10.0,8.0,12.0,16.0,,3.0,무선통신서비스
066970,0.0,10.0,8.0,12.0,16.0,,3.0,전기제품
161390,0.0,10.0,8.0,12.0,16.0,,3.0,자동차부품
001440,0.0,10.0,8.0,12.0,16.0,,3.0,전기장비
034220,0.0,10.0,8.0,12.0,16.0,,3.0,디스플레이패널
052690,0.0,10.0,8.0,12.0,16.0,,3.0,전기유틸리티
241560,0.0,10.0,8.0,12.0,16.0,,3.0,기계
128940,0.0,10.0,8.0,12.0,16.0,,3.0,제약
078930,0.0,10.0,8.0,12.0,16.0,,3.0,석유와가스
064400,0.0,10.0,8.0,12.0,16.0,,3.0,IT서비스
029780,0.0,10.0,8.0,12.0,16.0,,3.0,카드
001040,0.0,10.0,8.0,12.0,16.0,,3.0,복합기업
062040,0.0,10.0,8.0,12.0,16.0,,3.0,전기장비
454910,0.0,10.0,8.0,12.0,16.0,,3.0,기계
138930,0.0,10.0,8.0,12.0,16.0,,3.0,은행
021240,0.0,10.0,8.0,12.0,16.0,,3.0,가정용기기와용품
175330,0.0,10.0,8.0,12.0,16.0,,3.0,은행
036570,0.0,10.0,8.0,12.0,16.0,,3.0,게임엔터테인먼트
088980,0.0,10.0,8.0,12.0,16.0,,3.0,기타
271560,0.0,10.0,8.0,12.0,16.0,,3.0,식품
004020,0.0,10.0,8.0,12.0,16.0,,3.0,철강
450080,0.0,10.0,8.0,12.0,16.0,,3.0,전기제품
022100,0.0,10.0,8.0,12.0,16.0,,3.0,IT서비스
010060,0.0,10.0,8.0,12.0,16.0,,3.0,화학
002380,0.0,10.0,8.0,12.0,16.0,,3.0,건축자재
082740,0.0,10.0,8.0,12.0,16.0,,3.0,조선
353200,0.0,10.0,8.0,12.0,16.0,,3.0,전자장비와기기
000990,0.0,10.0,8.0,12.0,16.0,,3.0,반도체와반도체장비
011790,0.0,10.0,8.0,12.0,16.0,,3.0,화학
018880,0.0,10.0,8.0,12.0,16.0,,3.0,자동차부품
088350,0.0,10.0,8.0,12.0,16.0,,3.0,생명보험
251270,0.0,10.0,8.0,12.0,16.0,,3.0,게임엔터테인먼트
103590,0.0,10.0,8.0,12.0,16.0,,3.0,전기장비
489790,0.0,10.0,8.0,12.0,16.0,,3.0,통신장비
017800,0.0,10.0,8.0,12.0,16.0,,3.0,기계
051900,0.0,10.0,8.0,12.0,16.0,,3.0,화장품
011170,0.0,10.0,8.0,12.0,16.0,,3.0,화학
375500,0.0,10.0,8.0,12.0,16.0,,3.0,건설
111770,0.0,10.0,8.0,12.0,16.0,,3.0,"섬유,의류,신발,호화품"
035250,0.0,10.0,8.0,12.0,16.0,,3.0,"호텔,레스토랑,레저"
302440,0.0,10.0,8.0,12.0,16.0,,3.0,제약
012510,0.0,10.0,8.0,12.0,16.0,,3.0,소프트웨어
004170,0.0,10.0,8.0,12.0,16.0,,3.0,백화점과일반상점
097950,0.0,10.0,8.0,12.0,16.0,,3.0,식품
012750,0.0,10.0,8.0,12.0,16.0,,3.0,상업서비스와공급품
439260,0.0,10.0,8.0,12.0,16.0,,3.0,조선
031210,0.0,10.0,8.0,12.0,16.0,,3.0,손해보험
011780,0.0,10.0,8.0,12.0,16.0,,3.0,화학
023530,0.0,10.0,8.0,12.0,16.0,,3.0,백화점과일반상점
001720,0.0,10.0,8.0,12.0,16.0,,3.0,증권
036460,0.0,10.0,8.0,12.0,16.0,,3.0,가스유틸리티
457190,0.0,10.0,8.0,12.0,16.0,,3.0,화학
006360,0.0,10.0,8.0,12.0,16.0,,3.0,건설
014680,0.0,10.0,8.0,12.0,16.0,,3.0,화학
071970,0.0,10.0,8.0,12.0,16.0,,3.0,조선
336260,0.0,10.0,8.0,12.0,16.0,,3.0,전기제품
139130,0.0,10.0,8.0,12.0,16.0,,3.0,은행
028670,0.0,10.0,8.0,12.0,16.0,,3.0,해운사
085620,0.0,10.0,8.0,12.0,16.0,,3.0,생명보험
004990,0.0,10.0,8.0,12.0,16.0,,3.0,복합기업
103140,0.0,10.0,8.0,12.0,16.0,,3.0,비철금속
00680K,0.0,10.0,8.0,12.0,16.0,,3.0,증권
009970,0.0,10.0,8.0,12.0,16.0,,3.0,"섬유,의류,신발,호화품"
005850,0.0,10.0,8.0,12.0,16.0,,3.0,자동차부품
139480,0.0,10.0,8.0,12.0,16.0,,3.0,백화점과일반상점
020150,0.0,10.0,8.0,12.0,16.0,,3.0,전자장비와기기
026960,0.0,10.0,8.0,12.0,16.0,,3.0,식품
008930,0.0,10.0,8.0,12.0,16.0,,3.0,제약
112610,0.0,10.0,8.0,12.0,16.0,,3.0,에너지장비및서비스
001450,0.0,10.0,8.0,12.0,16.0,,3.0,손해보험
001430,0.0,10.0,8.0,12.0,16.0,,3.0,철강
051600,0.0,10.0,8.0,12.0,16.0,,3.0,전기유틸리티
004800,0.0,10.0,8.0,12.0,16.0,,3.0,복합기업
017960,0.0,10.0,8.0,12.0,16.0,,3.0,조선
120110,0.0,10.0,8.0,12.0,16.0,,3.0,화학
097230,0.0,10.0,8.0,12.0,16.0,,3.0,건설
383220,0.0,10.0,8.0,12.0,16.0,,3.0,"섬유,의류,신발,호화품"
279570,0.0,10.0,8.0,12.0,16.0,,3.0,은행
009420,0.0,10.0,8.0,12.0,16.0,,3.0,제약
204320,0.0,10.0,8.0,12.0,16.0,,3.0,자동차부품
483650,0.0,10.0,8.0,12.0,16.0,,3.0,화장품
000120,0.0,10.0,8.0,12.0,16.0,,3.0,항공화물운송과물류
000500,0.0,10.0,8.0,12.0,16.0,,3.0,전기장비
192820,0.0,10.0,8.0,12.0,16.0,,3.0,화장품
003690,0.0,10.0,8.0,12.0,16.0,,3.0,손해보험
000240,0.0,10.0,8.0,12.0,16.0,,3.0,자동차부품
004370,0.0,10.0,8.0,12.0,16.0,,3.0,식품
282330,0.0,10.0,8.0,12.0,16.0,,3.0,백화점과일반상점
007340,0.0,10.0,8.0,12.0,16.0,,3.0,자동차부품
030000,0.0,10.0,8.0,12.0,16.0,,3.0,광고
011210,0.0,10.0,8.0,12.0,16.0,,3.0,자동차부품
081660,0.0,10.0,8.0,12.0,16.0,,3.0,"섬유,의류,신발,호화품"
018670,0.0,10.0,8.0,12.0,16.0,,3.0,가스유틸리티
005440,0.0,10.0,8.0,12.0,16.0,,3.0,복합기업
023590,0.0,10.0,8.0,12.0,16.0,,3.0,증권
007810,0.0,10.0,8.0,12.0,16.0,,3.0,전자장비와기기
002790,0.0,10.0,8.0,12.0,16.0,,3.0,화장품
298020,0.0,10.0,8.0,12.0,16.0,,3.0,"섬유,의류,신발,호화품"
008770,0.0,10.0,8.0,12.0,16.0,,3.0,백화점과일반상점
395400,0.0,10.0,8.0,12.0,16.0,,3.0,湲고?
161890,0.0,10.0,8.0,12.0,16.0,,3.0,화장품
069960,0.0,10.0,8.0,12.0,16.0,,3.0,백화점과일반상점
361610,0.0,10.0,8.0,12.0,16.0,,3.0,전기제품
462870,0.0,10.0,8.0,12.0,16.0,,3.0,게임엔터테인먼트
007070,0.0,10.0,8.0,12.0,16.0,,3.0,백화점과일반상점
003540,0.0,10.0,8.0,12.0,16.0,,3.0,증권
001120,0.0,10.0,8.0,12.0,16.0,,3.0,무역회사와판매업체
005070,0.0,10.0,8.0,12.0,16.0,,3.0,화학
475150,0.0,10.0,8.0,12.0,16.0,,3.0,에너지장비및서비스
003570,0.0,10.0,8.0,12.0,16.0,,3.0,자동차부품
322000,0.0,10.0,8.0,12.0,16.0,,3.0,에너지장비및서비스
069620,0.0,10.0,8.0,12.0,16.0,,3.0,제약
229640,0.0,10.0,8.0,12.0,16.0,,3.0,전기장비
006280,0.0,10.0,8.0,12.0,16.0,,3.0,제약
077970,0.0,10.0,8.0,12.0,16.0,,3.0,조선
006040,0.0,10.0,8.0,12.0,16.0,,3.0,식품
073240,0.0,10.0,8.0,12.0,16.0,,3.0,자동차부품
012630,0.0,10.0,8.0,12.0,16.0,,3.0,건설
003530,0.0,10.0,8.0,12.0,16.0,,3.0,증권
032350,0.0,10.0,8.0,12.0,16.0,,3.0,"호텔,레스토랑,레저"
001800,0.0,10.0,8.0,12.0,16.0,,3.0,식품
294870,0.0,10.0,8.0,12.0,16.0,,3.0,건설
030610,0.0,10.0,8.0,12.0,16.0,,3.0,증권
020560,0.0,10.0,8.0,12.0,16.0,,3.0,항공사
093370,0.0,10.0,8.0,12.0,16.0,,3.0,화학
007310,0.0,10.0,8.0,12.0,16.0,,3.0,식품
034230,0.0,10.0,8.0,12.0,16.0,,3.0,"호텔,레스토랑,레저"
100090,0.0,10.0,8.0,12.0,16.0,,3.0,에너지장비및서비스
003240,0.0,10.0,8.0,12.0,16.0,,3.0,화학
004000,0.0,10.0,8.0,12.0,16.0,,3.0,화학
003090,0.0,10.0,8.0,12.0,16.0,,3.0,제약
330590,0.0,10.0,8.0,12.0,16.0,,3.0,湲고?
082640,0.0,10.0,8.0,12.0,16.0,,3.0,생명보험
000210,0.0,10.0,8.0,12.0,16.0,,3.0,화학
181710,0.0,10.0,8.0,12.0,16.0,,3.0,IT서비스
300720,0.0,10.0,8.0,12.0,16.0,,3.0,건축자재
185750,0.0,10.0,8.0,12.0,16.0,,3.0,제약
000080,0.0,10.0,8.0,12.0,16.0,,3.0,음료
415640,0.0,10.0,8.0,12.0,16.0,,3.0,기타
000670,0.0,10.0,8.0,12.0,16.0,,3.0,핸드셋
001740,0.0,10.0,8.0,12.0,16.0,,3.0,복합기업
089860,0.0,10.0,8.0,12.0,16.0,,3.0,도로와철도운송
100840,0.0,10.0,8.0,12.0,16.0,,3.0,에너지장비및서비스
137310,0.0,10.0,8.0,12.0,16.0,,3.0,건강관리장비와용품
005300,0.0,10.0,8.0,12.0,16.0,,3.0,음료
281820,0.0,10.0,8.0,12.0,16.0,,3.0,반도체와반도체장비
005690,0.0,10.0,8.0,12.0,16.0,,3.0,화학
365550,0.0,10.0,8.0,12.0,16.0,,3.0,湲고?
006120,0.0,10.0,8.0,12.0,16.0,,3.0,석유와가스
192080,0.0,10.0,8.0,12.0,16.0,,3.0,게임엔터테인먼트
280360,0.0,10.0,8.0,12.0,16.0,,3.0,식품
075580,0.0,10.0,8.0,12.0,16.0,,3.0,조선
484870,0.0,10.0,8.0,12.0,16.0,,3.0,우주항공과국방
090460,0.0,10.0,8.0,12.0,16.0,,3.0,전자장비와기기
036530,0.0,10.0,8.0,12.0,16.0,,3.0,자동차부품
192400,0.0,10.0,8.0,12.0,16.0,,3.0,가정용기기와용품
451800,0.0,10.0,8.0,12.0,16.0,,3.0,湲고?
195870,0.0,10.0,8.0,12.0,16.0,,3.0,반도체와반도체장비
285130,0.0,10.0,8.0,12.0,16.0,,3.0,화학
009450,0.0,10.0,8.0,12.0,16.0,,3.0,가정용기기와용품
006650,0.0,10.0,8.0,12.0,16.0,,3.0,화학
079900,0.0,10.0,8.0,12.0,16.0,,3.0,기계
003470,0.0,10.0,8.0,12.0,16.0,,3.0,증권
298050,0.0,10.0,8.0,12.0,16.0,,3.0,화학
00088K,0.0,10.0,8.0,12.0,16.0,,3.0,복합기업
499790,0.0,10.0,8.0,12.0,16.0,,3.0,"호텔,레스토랑,레저"
057050,0.0,10.0,8.0,12.0,16.0,,3.0,인터넷과카탈로그소매
030190,0.0,10.0,8.0,12.0,16.0,,3.0,상업서비스와공급품
009240,0.0,10.0,8.0,12.0,16.0,,3.0,가구
248070,0.0,10.0,8.0,12.0,16.0,,3.0,전자장비와기기
249420,0.0,10.0,8.0,12.0,16.0,,3.0,제약
064960,0.0,10.0,8.0,12.0,16.0,,3.0,자동차부품
003160,0.0,10.0,8.0,12.0,16.0,,3.0,반도체와반도체장비
003030,0.0,10.0,8.0,12.0,16.0,,3.0,철강
033240,0.0,10.0,8.0,12.0,16.0,,3.0,통신장비
108320,0.0,10.0,8.0,12.0,16.0,,3.0,디스플레이장비및부품
005880,0.0,10.0,8.0,12.0,16.0,,3.0,해운사
071320,0.0,10.0,8.0,12.0,16.0,,3.0,복합유틸리티
010780,0.0,10.0,8.0,12.0,16.0,,3.0,건설
003620,0.0,10.0,8.0,12.0,16.0,,3.0,자동차
456040,0.0,10.0,8.0,12.0,16.0,,3.0,화학
003850,0.0,10.0,8.0,12.0,16.0,,3.0,제약
025540,0.0,10.0,8.0,12.0,16.0,,3.0,자동차부품
001510,0.0,10.0,8.0,12.0,16.0,,3.0,증권
011930,0.0,10.0,8.0,12.0,16.0,,3.0,반도체와반도체장비
004490,0.0,10.0,8.0,12.0,16.0,,3.0,자동차부품
317450,0.0,10.0,8.0,12.0,16.0,,3.0,제약
002020,0.0,10.0,8.0,12.0,16.0,,3.0,복합기업
079160,0.0,10.0,8.0,12.0,16.0,,3.0,방송과엔터테인먼트
006110,0.0,10.0,8.0,12.0,16.0,,3.0,비철금속
017900,0.0,10.0,8.0,12.0,16.0,,3.0,전자장비와기기
003000,0.0,10.0,8.0,12.0,16.0,,3.0,제약
001270,0.0,10.0,8.0,12.0,16.0,,3.0,증권
000370,0.0,10.0,8.0,12.0,16.0,,3.0,손해보험
00104K,0.0,10.0,8.0,12.0,16.0,,3.0,복합기업
007700,0.0,10.0,8.0,12.0,16.0,,3.0,"섬유,의류,신발,호화품"
178920,0.0,10.0,8.0,12.0,16.0,,3.0,화학
336370,0.0,10.0,8.0,12.0,16.0,,3.0,전자장비와기기
093050,0.0,10.0,8.0,12.0,16.0,,3.0,"섬유,의류,신발,호화품"
014820,0.0,10.0,8.0,12.0,16.0,,3.0,포장재
214320,0.0,10.0,8.0,12.0,16.0,,3.0,광고
005090,0.0,10.0,8.0,12.0,16.0,,3.0,에너지장비및서비스
114090,0.0,10.0,8.0,12.0,16.0,,3.0,"호텔,레스토랑,레저"
069260,0.0,10.0,8.0,12.0,16.0,,3.0,화학
019170,0.0,10.0,8.0,12.0,16.0,,3.0,제약
003280,0.0,10.0,8.0,12.0,16.0,,3.0,해운사
293940,0.0,10.0,8.0,12.0,16.0,,3.0,湲고?
001680,0.0,10.0,8.0,12.0,16.0,,3.0,식품
001060,0.0,10.0,8.0,12.0,16.0,,3.0,제약
217590,0.0,10.0,8.0,12.0,16.0,,3.0,조선
002350,0.0,10.0,8.0,12.0,16.0,,3.0,자동차부품
161000,0.0,10.0,8.0,12.0,16.0,,3.0,화학
005180,0.0,10.0,8.0,12.0,16.0,,3.0,식품
058650,0.0,10.0,8.0,12.0,16.0,,3.0,철강
005250,0.0,10.0,8.0,12.0,16.0,,3.0,제약
001500,0.0,10.0,8.0,12.0,16.0,,3.0,증권
000400,0.0,10.0,8.0,12.0,16.0,,3.0,손해보험
002240,0.0,10.0,8.0,12.0,16.0,,3.0,철강
001820,0.0,10.0,8.0,12.0,16.0,,3.0,전기제품
017940,0.0,10.0,8.0,12.0,16.0,,3.0,가스유틸리티
039130,0.0,10.0,8.0,12.0,16.0,,3.0,"호텔,레스토랑,레저"
002840,0.0,10.0,8.0,12.0,16.0,,3.0,화학
000640,0.0,10.0,8.0,12.0,16.0,,3.0,제약
094800,0.0,10.0,8.0,12.0,16.0,,3.0,기타
010820,0.0,10.0,8.0,12.0,16.0,,3.0,우주항공과국방
002960,0.0,10.0,8.0,12.0,16.0,,3.0,화학
005810,0.0,10.0,8.0,12.0,16.0,,3.0,비철금속
008730,0.0,10.0,8.0,12.0,16.0,,3.0,포장재
130660,0.0,10.0,8.0,12.0,16.0,,3.0,전기유틸리티
383800,0.0,10.0,8.0,12.0,16.0,,3.0,무역회사와판매업체
005420,0.0,10.0,8.0,12.0,16.0,,3.0,화학
001570,0.0,10.0,8.0,12.0,16.0,,3.0,화학
268280,0.0,10.0,8.0,12.0,16.0,,3.0,화학
009410,0.0,10.0,8.0,12.0,16.0,,3.0,건설
0120G0,0.0,10.0,8.0,12.0,16.0,,3.0,건강관리장비와용품
006380,0.0,10.0,8.0,12.0,16.0,,3.0,화학
271940,0.0,10.0,8.0,12.0,16.0,,3.0,자동차부품
448730,0.0,10.0,8.0,12.0,16.0,,3.0,湲고?
950210,0.0,10.0,8.0,12.0,16.0,,3.0,제약
014830,0.0,10.0,8.0,12.0,16.0,,3.0,화학
016380,0.0,10.0,8.0,12.0,16.0,,3.0,철강
016610,0.0,10.0,8.0,12.0,16.0,,3.0,증권
005389,0.0,10.0,8.0,12.0,16.0,,3.0,자동차
284740,0.0,10.0,8.0,12.0,16.0,,3.0,가정용기기와용품
004690,0.0,10.0,8.0,12.0,16.0,,3.0,가스유틸리티
020000,0.0,10.0,8.0,12.0,16.0,,3.0,"섬유,의류,신발,호화품"
009900,0.0,10.0,8.0,12.0,16.0,,3.0,자동차부품
002030,0.0,10.0,8.0,12.0,16.0,,3.0,건축자재
016590,0.0,10.0,8.0,12.0,16.0,,3.0,포장재
003300,0.0,10.0,8.0,12.0,16.0,,3.0,건축자재
377740,0.0,10.0,8.0,12.0,16.0,,3.0,건강관리장비와용품
000070,0.0,10.0,8.0,12.0,16.0,,3.0,화학
453340,0.0,10.0,8.0,12.0,16.0,,3.0,식품
460860,0.0,10.0,8.0,12.0,16.0,,3.0,철강
381970,0.0,10.0,8.0,12.0,16.0,,3.0,자동차
105840,0.0,10.0,8.0,12.0,16.0,,3.0,기계
029530,0.0,10.0,8.0,12.0,16.0,,3.0,사무용전자제품
034310,0.0,10.0,8.0,12.0,16.0,,3.0,IT서비스
006220,0.0,10.0,8.0,12.0,16.0,,3.0,은행
145990,0.0,10.0,8.0,12.0,16.0,,3.0,식품
031430,0.0,10.0,8.0,12.0,16.0,,3.0,"섬유,의류,신발,호화품"
006340,0.0,10.0,8.0,12.0,16.0,,3.0,전기장비
001200,0.0,10.0,8.0,12.0,16.0,,3.0,증권
029460,0.0,10.0,8.0,12.0,16.0,,3.0,반도체와반도체장비
145720,0.0,10.0,8.0,12.0,16.0,,3.0,건강관리장비와용품
452260,0.0,10.0,8.0,12.0,16.0,,3.0,백화점과일반상점
027410,0.0,10.0,8.0,12.0,16.0,,3.0,화학
017810,0.0,10.0,8.0,12.0,16.0,,3.0,식품
008060,0.0,10.0,8.0,12.0,16.0,,3.0,전자장비와기기
192650,0.0,10.0,8.0,12.0,16.0,,3.0,핸드셋
105630,0.0,10.0,8.0,12.0,16.0,,3.0,"섬유,의류,신발,호화품"
344820,0.0,10.0,8.0,12.0,16.0,,3.0,건축자재
004700,0.0,10.0,8.0,12.0,16.0,,3.0,"섬유,의류,신발,호화품"
357120,0.0,10.0,8.0,12.0,16.0,,3.0,湲고?
001530,0.0,10.0,8.0,12.0,16.0,,3.0,"섬유,의류,신발,호화품"
170900,0.0,10.0,8.0,12.0,16.0,,3.0,제약
072710,0.0,10.0,8.0,12.0,16.0,,3.0,식품
002710,0.0,10.0,8.0,12.0,16.0,,3.0,철강
016800,0.0,10.0,8.0,12.0,16.0,,3.0,가구
089590,0.0,10.0,8.0,12.0,16.0,,3.0,항공사
025860,0.0,10.0,8.0,12.0,16.0,,3.0,화학
015360,0.0,10.0,8.0,12.0,16.0,,3.0,가스유틸리티
005610,0.0,10.0,8.0,12.0,16.0,,3.0,식품
183190,0.0,10.0,8.0,12.0,16.0,,3.0,건축자재
126720,0.0,10.0,8.0,12.0,16.0,,3.0,에너지장비및서비스
009290,0.0,10.0,8.0,12.0,16.0,,3.0,제약
000157,0.0,10.0,8.0,12.0,16.0,,3.0,복합기업
091810,0.0,10.0,8.0,12.0,16.0,,3.0,항공사
306200,0.0,10.0,8.0,12.0,16.0,,3.0,철강
092790,0.0,10.0,8.0,12.0,16.0,,3.0,철강
417310,0.0,10.0,8.0,12.0,16.0,,3.0,湲고?
097520,0.0,10.0,8.0,12.0,16.0,,3.0,핸드셋
026890,0.0,10.0,8.0,12.0,16.0,,3.0,창업투자
015860,0.0,10.0,8.0,12.0,16.0,,3.0,전기장비
010690,0.0,10.0,8.0,12.0,16.0,,3.0,자동차부품
018250,0.0,10.0,8.0,12.0,16.0,,3.0,화장품
001390,0.0,10.0,8.0,12.0,16.0,,3.0,자동차
007690,0.0,10.0,8.0,12.0,16.0,,3.0,화학
084010,0.0,10.0,8.0,12.0,16.0,,3.0,철강
034830,0.0,10.0,8.0,12.0,16.0,,3.0,부동산
001940,0.0,10.0,8.0,12.0,16.0,,3.0,철강
194370,0.0,10.0,8.0,12.0,16.0,,3.0,"섬유,의류,신발,호화품"
060980,0.0,10.0,8.0,12.0,16.0,,3.0,자동차부품
086520,0.0,10.0,8.0,12.0,16.0,,3.0,화학
247540,0.0,10.0,8.0,12.0,16.0,,3.0,전기제품
196170,0.0,10.0,8.0,12.0,16.0,,3.0,생물공학
277810,0.0,10.0,8.0,12.0,16.0,,3.0,기계
000250,0.0,10.0,8.0,12.0,16.0,,3.0,제약
950160,0.0,10.0,8.0,12.0,16.0,,3.0,생물공학
298380,0.0,10.0,8.0,12.0,16.0,,3.0,생물공학
058470,0.0,10.0,8.0,12.0,16.0,,3.0,반도체와반도체장비
028300,0.0,10.0,8.0,12.0,16.0,,3.0,건강관리장비와용품
141080,0.0,10.0,8.0,12.0,16.0,,3.0,제약
087010,0.0,10.0,8.0,12.0,16.0,,3.0,생물공학
240810,0.0,10.0,8.0,12.0,16.0,,3.0,반도체와반도체장비
039030,0.0,10.0,8.0,12.0,16.0,,3.0,반도체와반도체장비
310210,0.0,10.0,8.0,12.0,16.0,,3.0,제약
214370,0.0,10.0,8.0,12.0,16.0,,3.0,건강관리업체및서비스
095340,0.0,10.0,8.0,12.0,16.0,,3.0,반도체와반도체장비
108490,0.0,10.0,8.0,12.0,16.0,,3.0,기계
032820,0.0,10.0,8.0,12.0,16.0,,3.0,우주항공과국방
214150,0.0,10.0,8.0,12.0,16.0,,3.0,건강관리장비와용품
043260,0.0,10.0,8.0,12.0,16.0,,3.0,전기제품
403870,0.0,10.0,8.0,12.0,16.0,,3.0,반도체와반도체장비
319400,0.0,10.0,8.0,12.0,16.0,,3.0,기계
226950,0.0,10.0,8.0,12.0,16.0,,3.0,생명과학도구및서비스
263750,0.0,10.0,8.0,12.0,16.0,,3.0,게임엔터테인먼트
347850,0.0,10.0,8.0,12.0,16.0,,3.0,생물공학
064760,0.0,10.0,8.0,12.0,16.0,,3.0,반도체와반도체장비
357780,0.0,10.0,8.0,12.0,16.0,,3.0,반도체와반도체장비
145020,0.0,10.0,8.0,12.0,16.0,,3.0,생물공학
0009K0,0.0,10.0,8.0,12.0,16.0,,3.0,생물공학
036930,0.0,10.0,8.0,12.0,16.0,,3.0,반도체와반도체장비
214450,0.0,10.0,8.0,12.0,16.0,,3.0,건강관리장비와용품
083650,0.0,10.0,8.0,12.0,16.0,,3.0,에너지장비및서비스
084370,0.0,10.0,8.0,12.0,16.0,,3.0,반도체와반도체장비
178320,0.0,10.0,8.0,12.0,16.0,,3.0,전기장비
440110,0.0,10.0,8.0,12.0,16.0,,3.0,반도체와반도체장비
237690,0.0,10.0,8.0,12.0,16.0,,3.0,제약
257720,0.0,10.0,8.0,12.0,16.0,,3.0,인터넷과카탈로그소매
222800,0.0,10.0,8.0,12.0,16.0,,3.0,전자장비와기기
005290,0.0,10.0,8.0,12.0,16.0,,3.0,반도체와반도체장비
140410,0.0,10.0,8.0,12.0,16.0,,3.0,식품
476830,0.0,10.0,8.0,12.0,16.0,,3.0,생물공학
068760,0.0,10.0,8.0,12.0,16.0,,3.0,제약
031980,0.0,10.0,8.0,12.0,16.0,,3.0,반도체와반도체장비
082920,0.0,10.0,8.0,12.0,16.0,,3.0,전기제품
058610,0.0,10.0,8.0,12.0,16.0,,3.0,전기제품
218410,0.0,10.0,8.0,12.0,16.0,,3.0,통신장비
100790,0.0,10.0,8.0,12.0,16.0,,3.0,창업투자
319660,0.0,10.0,8.0,12.0,16.0,,3.0,반도체와반도체장비
030530,0.0,10.0,8.0,12.0,16.0,,3.0,반도체와반도체장비
010170,0.0,10.0,8.0,12.0,16.0,,3.0,통신장비
067310,0.0,10.0,8.0,12.0,16.0,,3.0,반도체와반도체장비
347700,0.0,10.0,8.0,12.0,16.0,,3.0,우주항공과국방
098460,0.0,10.0,8.0,12.0,16.0,,3.0,전자장비와기기
035900,0.0,10.0,8.0,12.0,16.0,,3.0,방송과엔터테인먼트
101490,0.0,10.0,8.0,12.0,16.0,,3.0,반도체와반도체장비
041510,0.0,10.0,8.0,12.0,16.0,,3.0,방송과엔터테인먼트
131970,0.0,10.0,8.0,12.0,16.0,,3.0,반도체와반도체장비
039200,0.0,10.0,8.0,12.0,16.0,,3.0,제약
089030,0.0,10.0,8.0,12.0,16.0,,3.0,반도체와반도체장비
078600,0.0,10.0,8.0,12.0,16.0,,3.0,전자장비와기기
099320,0.0,10.0,8.0,12.0,16.0,,3.0,우주항공과국방
140860,0.0,10.0,8.0,12.0,16.0,,3.0,전자장비와기기
475830,0.0,10.0,8.0,12.0,16.0,,3.0,제약
131290,0.0,10.0,8.0,12.0,16.0,,3.0,반도체와반도체장비
458870,0.0,10.0,8.0,12.0,16.0,,3.0,건강관리기술
290650,0.0,10.0,8.0,12.0,16.0,,3.0,건강관리장비와용품
323280,0.0,10.0,8.0,12.0,16.0,,3.0,전자장비와기기
038500,0.0,10.0,8.0,12.0,16.0,,3.0,건축자재
095610,0.0,10.0,8.0,12.0,16.0,,3.0,반도체와반도체장비
085660,0.0,10.0,8.0,12.0,16.0,,3.0,건강관리업체및서비스
060370,0.0,10.0,8.0,12.0,16.0,,3.0,건설
065350,0.0,10.0,8.0,12.0,16.0,,3.0,가정용기기와용품
232140,0.0,10.0,8.0,12.0,16.0,,3.0,반도체와반도체장비
437730,0.0,10.0,8.0,12.0,16.0,,3.0,자동차부품
183300,0.0,10.0,8.0,12.0,16.0,,3.0,반도체와반도체장비
376900,0.0,10.0,8.0,12.0,16.0,,3.0,건강관리장비와용품
127120,0.0,10.0,8.0,12.0,16.0,,3.0,생명과학도구및서비스
445680,0.0,10.0,8.0,12.0,16.0,,3.0,생명과학도구및서비스
388210,0.0,10.0,8.0,12.0,16.0,,3.0,반도체와반도체장비
491000,0.0,10.0,8.0,12.0,16.0,,3.0,건강관리장비와용품
003380,0.0,10.0,8.0,12.0,16.0,,3.0,식품
189300,0.0,10.0,8.0,12.0,16.0,,3.0,통신장비
417200,0.0,10.0,8.0,12.0,16.0,,3.0,전기제품
080220,0.0,10.0,8.0,12.0,16.0,,3.0,반도체와반도체장비
195940,0.0,10.0,8.0,12.0,16.0,,3.0,제약
281740,0.0,10.0,8.0,12.0,16.0,,3.0,화학
027360,0.0,10.0,8.0,12.0,16.0,,3.0,창업투자
096530,0.0,10.0,8.0,12.0,16.0,,3.0,생명과학도구및서비스
166090,0.0,10.0,8.0,12.0,16.0,,3.0,반도체와반도체장비
115180,0.0,10.0,8.0,12.0,16.0,,3.0,제약
397030,0.0,10.0,8.0,12.0,16.0,,3.0,제약
048410,0.0,10.0,8.0,12.0,16.0,,3.0,화장품
090710,0.0,10.0,8.0,12.0,16.0,,3.0,기계
213420,0.0,10.0,8.0,12.0,16.0,,3.0,디스플레이장비및부품
089970,0.0,10.0,8.0,12.0,16.0,,3.0,반도체와반도체장비
007390,0.0,10.0,8.0,12.0,16.0,,3.0,생물공학
490470,0.0,10.0,8.0,12.0,16.0,,3.0,반도체와반도체장비
137400,0.0,10.0,8.0,12.0,16.0,,3.0,전기제품
032500,0.0,10.0,8.0,12.0,16.0,,3.0,통신장비
160190,0.0,10.0,8.0,12.0,16.0,,3.0,기계
466100,0.0,10.0,8.0,12.0,16.0,,3.0,기계
124500,0.0,10.0,8.0,12.0,16.0,,3.0,IT서비스
035760,0.0,10.0,8.0,12.0,16.0,,3.0,방송과엔터테인먼트
036540,0.0,10.0,8.0,12.0,16.0,,3.0,반도체와반도체장비
295310,0.0,10.0,8.0,12.0,16.0,,3.0,비철금속
456160,0.0,10.0,8.0,12.0,16.0,,3.0,제약
086450,0.0,10.0,8.0,12.0,16.0,,3.0,제약
023160,0.0,10.0,8.0,12.0,16.0,,3.0,기계
082270,0.0,10.0,8.0,12.0,16.0,,3.0,반도체와반도체장비
388720,0.0,10.0,8.0,12.0,16.0,,3.0,기계
052020,0.0,10.0,8.0,12.0,16.0,,3.0,판매업체
036830,0.0,10.0,8.0,12.0,16.0,,3.0,전기제품
293490,0.0,10.0,8.0,12.0,16.0,,3.0,게임엔터테인먼트
174900,0.0,10.0,8.0,12.0,16.0,,3.0,생물공학
420770,0.0,10.0,8.0,12.0,16.0,,3.0,반도체와반도체장비
204270,0.0,10.0,8.0,12.0,16.0,,3.0,핸드셋
253450,0.0,10.0,8.0,12.0,16.0,,3.0,방송과엔터테인먼트
328130,0.0,10.0,8.0,12.0,16.0,,3.0,건강관리기술
476060,0.0,10.0,8.0,12.0,16.0,,3.0,제약
056190,0.0,10.0,8.0,12.0,16.0,,3.0,기계
122870,0.0,10.0,8.0,12.0,16.0,,3.0,방송과엔터테인먼트
161580,0.0,10.0,8.0,12.0,16.0,,3.0,전자장비와기기
014620,0.0,10.0,8.0,12.0,16.0,,3.0,기계
050890,0.0,10.0,8.0,12.0,16.0,,3.0,통신장비
222080,0.0,10.0,8.0,12.0,16.0,,3.0,전기제품
044490,0.0,10.0,8.0,12.0,16.0,,3.0,에너지장비및서비스
171090,0.0,10.0,8.0,12.0,16.0,,3.0,디스플레이장비및부품
052400,0.0,10.0,8.0,12.0,16.0,,3.0,IT서비스
365340,0.0,10.0,8.0,12.0,16.0,,3.0,전기제품
056080,0.0,10.0,8.0,12.0,16.0,,3.0,기계
078160,0.0,10.0,8.0,12.0,16.0,,3.0,생물공학
032190,0.0,10.0,8.0,12.0,16.0,,3.0,증권
358570,0.0,10.0,8.0,12.0,16.0,,3.0,생물공학
121600,0.0,10.0,8.0,12.0,16.0,,3.0,화학
074600,0.0,10.0,8.0,12.0,16.0,,3.0,반도체와반도체장비
036810,0.0,10.0,8.0,12.0,16.0,,3.0,반도체와반도체장비
372320,0.0,10.0,8.0,12.0,16.0,,3.0,생물공학
348370,0.0,10.0,8.0,12.0,16.0,,3.0,전기제품
241710,0.0,10.0,8.0,12.0,16.0,,3.0,화장품
126340,0.0,10.0,8.0,12.0,16.0,,3.0,전기장비
006730,0.0,10.0,8.0,12.0,16.0,,3.0,"호텔,레스토랑,레저"
094170,0.0,10.0,8.0,12.0,16.0,,3.0,반도체와반도체장비
368770,0.0,10.0,8.0,12.0,16.0,,3.0,전자장비와기기
493280,0.0,10.0,8.0,12.0,16.0,,3.0,제약
327260,0.0,10.0,8.0,12.0,16.0,,3.0,우주항공과국방
199800,0.0,10.0,8.0,12.0,16.0,,3.0,생물공학
389470,0.0,10.0,8.0,12.0,16.0,,3.0,제약
376300,0.0,10.0,8.0,12.0,16.0,,3.0,양방향미디어와서비스
033100,0.0,10.0,8.0,12.0,16.0,,3.0,전기장비
060250,0.0,10.0,8.0,12.0,16.0,,3.0,IT서비스
348340,0.0,10.0,8.0,12.0,16.0,,3.0,기계
009520,0.0,10.0,8.0,12.0,16.0,,3.0,철강
033500,0.0,10.0,8.0,12.0,16.0,,3.0,화학
348210,0.0,10.0,8.0,12.0,16.0,,3.0,반도체와반도체장비
356860,0.0,10.0,8.0,12.0,16.0,,3.0,반도체와반도체장비
084110,0.0,10.0,8.0,12.0,16.0,,3.0,제약
225570,0.0,10.0,8.0,12.0,16.0,,3.0,게임엔터테인먼트
278280,0.0,10.0,8.0,12.0,16.0,,3.0,전기제품
102710,0.0,10.0,8.0,12.0,16.0,,3.0,반도체와반도체장비
083450,0.0,10.0,8.0,12.0,16.0,,3.0,반도체와반도체장비
086900,0.0,10.0,8.0,12.0,16.0,,3.0,생물공학
187660,0.0,10.0,8.0,12.0,16.0,,3.0,제약
102940,0.0,10.0,8.0,12.0,16.0,,3.0,제약
041960,0.0,10.0,8.0,12.0,16.0,,3.0,제약
253590,0.0,10.0,8.0,12.0,16.0,,3.0,반도체와반도체장비
475960,0.0,10.0,8.0,12.0,16.0,,3.0,생명과학도구및서비스
053800,0.0,10.0,8.0,12.0,16.0,,3.0,소프트웨어
077360,0.0,10.0,8.0,12.0,16.0,,3.0,반도체와반도체장비
425420,0.0,10.0,8.0,12.0,16.0,,3.0,반도체와반도체장비
025980,0.0,10.0,8.0,12.0,16.0,,3.0,"호텔,레스토랑,레저"
252990,0.0,10.0,8.0,12.0,16.0,,3.0,반도체와반도체장비
112040,0.0,10.0,8.0,12.0,16.0,,3.0,게임엔터테인먼트
053610,0.0,10.0,8.0,12.0,16.0,,3.0,반도체와반도체장비
399720,0.0,10.0,8.0,12.0,16.0,,3.0,반도체와반도체장비
272290,0.0,10.0,8.0,12.0,16.0,,3.0,디스플레이장비및부품
200710,0.0,10.0,8.0,12.0,16.0,,3.0,반도체와반도체장비
024850,0.0,10.0,8.0,12.0,16.0,,3.0,반도체와반도체장비
015750,0.0,10.0,8.0,12.0,16.0,,3.0,자동차부품
486990,0.0,10.0,8.0,12.0,16.0,,3.0,IT서비스
214430,0.0,10.0,8.0,12.0,16.0,,3.0,우주항공과국방
460930,0.0,10.0,8.0,12.0,16.0,,3.0,조선
067160,0.0,10.0,8.0,12.0,16.0,,3.0,양방향미디어와서비스
468530,0.0,10.0,8.0,12.0,16.0,,3.0,생물공학
336570,0.0,10.0,8.0,12.0,16.0,,3.0,건강관리장비와용품
059090,0.0,10.0,8.0,12.0,16.0,,3.0,반도체와반도체장비
031330,0.0,10.0,8.0,12.0,16.0,,3.0,전자장비와기기
287840,0.0,10.0,8.0,12.0,16.0,,3.0,제약
033790,0.0,10.0,8.0,12.0,16.0,,3.0,전기제품
042000,0.0,10.0,8.0,12.0,16.0,,3.0,IT서비스
383310,0.0,10.0,8.0,12.0,16.0,,3.0,상업서비스와공급품
060280,0.0,10.0,8.0,12.0,16.0,,3.0,건강관리장비와용품
448900,0.0,10.0,8.0,12.0,16.0,,3.0,자동차부품
104830,0.0,10.0,8.0,12.0,16.0,,3.0,화학
090360,0.0,10.0,8.0,12.0,16.0,,3.0,기계
033640,0.0,10.0,8.0,12.0,16.0,,3.0,반도체와반도체장비
046890,0.0,10.0,8.0,12.0,16.0,,3.0,디스플레이장비및부품
064260,0.0,10.0,8.0,12.0,16.0,,3.0,IT서비스
047920,0.0,10.0,8.0,12.0,16.0,,3.0,제약
099190,0.0,10.0,8.0,12.0,16.0,,3.0,건강관리장비와용품
211050,0.0,10.0,8.0,12.0,16.0,,3.0,손해보험
488900,0.0,10.0,8.0,12.0,16.0,,3.0,우주항공과국방
122640,0.0,10.0,8.0,12.0,16.0,,3.0,반도체와반도체장비
025900,0.0,10.0,8.0,12.0,16.0,,3.0,건축자재
045100,0.0,10.0,8.0,12.0,16.0,,3.0,반도체와반도체장비
119850,0.0,10.0,8.0,12.0,16.0,,3.0,전기장비
041190,0.0,10.0,8.0,12.0,16.0,,3.0,창업투자
069540,0.0,10.0,8.0,12.0,16.0,,3.0,통신장비
354320,0.0,10.0,8.0,12.0,16.0,,3.0,자동차부품
424870,0.0,10.0,8.0,12.0,16.0,,3.0,제약
046970,0.0,10.0,8.0,12.0,16.0,,3.0,컴퓨터와주변기기
089010,0.0,10.0,8.0,12.0,16.0,,3.0,전자장비와기기
018290,0.0,10.0,8.0,12.0,16.0,,3.0,화장품
025320,0.0,10.0,8.0,12.0,16.0,,3.0,핸드셋
393890,0.0,10.0,8.0,12.0,16.0,,3.0,전기제품
251970,0.0,10.0,8.0,12.0,16.0,,3.0,포장재
093320,0.0,10.0,8.0,12.0,16.0,,3.0,IT서비스
033160,0.0,10.0,8.0,12.0,16.0,,3.0,반도체와반도체장비
067630,0.0,10.0,8.0,12.0,16.0,,3.0,건강관리장비와용품
215600,0.0,10.0,8.0,12.0,16.0,,3.0,제약
138080,0.0,10.0,8.0,12.0,16.0,,3.0,통신장비
114810,0.0,10.0,8.0,12.0,16.0,,3.0,반도체와반도체장비
019210,0.0,10.0,8.0,12.0,16.0,,3.0,기계
340570,0.0,10.0,8.0,12.0,16.0,,3.0,건강관리장비와용품
089890,0.0,10.0,8.0,12.0,16.0,,3.0,반도체와반도체장비
125490,0.0,10.0,8.0,12.0,16.0,,3.0,자동차부품
101160,0.0,10.0,8.0,12.0,16.0,,3.0,반도체와반도체장비
317330,0.0,10.0,8.0,12.0,16.0,,3.0,반도체와반도체장비
095660,0.0,10.0,8.0,12.0,16.0,,3.0,게임엔터테인먼트
389650,0.0,10.0,8.0,12.0,16.0,,3.0,건강관리장비와용품
036620,0.0,10.0,8.0,12.0,16.0,,3.0,"섬유,의류,신발,호화품"
039440,0.0,10.0,8.0,12.0,16.0,,3.0,반도체와반도체장비
080580,0.0,10.0,8.0,12.0,16.0,,3.0,반도체와반도체장비
037460,0.0,10.0,8.0,12.0,16.0,,3.0,통신장비
206650,0.0,10.0,8.0,12.0,16.0,,3.0,생물공학
484590,0.0,10.0,8.0,12.0,16.0,,3.0,우주항공과국방
107640,0.0,10.0,8.0,12.0,16.0,,3.0,전기장비
006910,0.0,10.0,8.0,12.0,16.0,,3.0,전기장비
079370,0.0,10.0,8.0,12.0,16.0,,3.0,반도체와반도체장비
030520,0.0,10.0,8.0,12.0,16.0,,3.0,소프트웨어
441270,0.0,10.0,8.0,12.0,16.0,,3.0,핸드셋
290550,0.0,10.0,8.0,12.0,16.0,,3.0,핸드셋
230360,0.0,10.0,8.0,12.0,16.0,,3.0,"섬유,의류,신발,호화품"
180400,0.0,10.0,8.0,12.0,16.0,,3.0,건강관리업체및서비스
0082N0,0.0,10.0,8.0,12.0,16.0,,3.0,제약
098070,0.0,10.0,8.0,12.0,16.0,,3.0,에너지장비및서비스
042520,0.0,10.0,8.0,12.0,16.0,,3.0,건강관리장비와용품
013030,0.0,10.0,8.0,12.0,16.0,,3.0,기계
168360,0.0,10.0,8.0,12.0,16.0,,3.0,전자장비와기기
101930,0.0,10.0,8.0,12.0,16.0,,3.0,조선
036170,0.0,10.0,8.0,12.0,16.0,,3.0,디스플레이장비및부품
034950,0.0,10.0,8.0,12.0,16.0,,3.0,상업서비스와공급품
091700,0.0,10.0,8.0,12.0,16.0,,3.0,핸드셋
042370,0.0,10.0,8.0,12.0,16.0,,3.0,전기제품
215200,0.0,10.0,8.0,12.0,16.0,,3.0,교육서비스
234340,0.0,10.0,8.0,12.0,16.0,,3.0,IT서비스
025770,0.0,10.0,8.0,12.0,16.0,,3.0,IT서비스
394280,0.0,10.0,8.0,12.0,16.0,,3.0,반도체와반도체장비
308430,0.0,10.0,8.0,12.0,16.0,,3.0,제약
455900,0.0,10.0,8.0,12.0,16.0,,3.0,건강관리장비와용품
482630,0.0,10.0,8.0,12.0,16.0,,3.0,반도체와반도체장비
0001A0,0.0,10.0,8.0,12.0,16.0,,3.0,석유와가스
478340,0.0,10.0,8.0,12.0,16.0,,3.0,우주항공과국방
228760,0.0,10.0,8.0,12.0,16.0,,3.0,건강관리장비와용품
376270,0.0,10.0,8.0,12.0,16.0,,3.0,건강관리업체및서비스
117730,0.0,10.0,8.0,12.0,16.0,,3.0,기계
069080,0.0,10.0,8.0,12.0,16.0,,3.0,게임엔터테인먼트
110990,0.0,10.0,8.0,12.0,16.0,,3.0,디스플레이장비및부품
450950,0.0,10.0,8.0,12.0,16.0,,3.0,건강관리장비와용품
900290,0.0,10.0,8.0,12.0,16.0,,3.0,화학
078130,0.0,10.0,8.0,12.0,16.0,,3.0,종이와목재
220100,0.0,10.0,8.0,12.0,16.0,,3.0,제약
356680,0.0,10.0,8.0,12.0,16.0,,3.0,소프트웨어
389500,0.0,10.0,8.0,12.0,16.0,,3.0,기계
494120,0.0,10.0,8.0,12.0,16.0,,3.0,생명과학도구및서비스
179900,0.0,10.0,8.0,12.0,16.0,,3.0,핸드셋
101730,0.0,10.0,8.0,12.0,16.0,,3.0,게임엔터테인먼트
092870,0.0,10.0,8.0,12.0,16.0,,3.0,반도체와반도체장비
088800,0.0,10.0,8.0,12.0,16.0,,3.0,통신장비
078020,0.0,10.0,8.0,12.0,16.0,,3.0,증권
144510,0.0,10.0,8.0,12.0,16.0,,3.0,건강관리업체및서비스
241520,0.0,10.0,8.0,12.0,16.0,,3.0,창업투자
078350,0.0,10.0,8.0,12.0,16.0,,3.0,반도체와반도체장비
230240,0.0,10.0,8.0,12.0,16.0,,3.0,통신장비
078340,0.0,10.0,8.0,12.0,16.0,,3.0,게임엔터테인먼트
318060,0.0,10.0,8.0,12.0,16.0,,3.0,건강관리장비와용품
389260,0.0,10.0,8.0,12.0,16.0,,3.0,에너지장비및서비스
394800,0.0,10.0,8.0,12.0,16.0,,3.0,건강관리기술
079940,0.0,10.0,8.0,12.0,16.0,,3.0,IT서비스
330860,0.0,10.0,8.0,12.0,16.0,,3.0,반도체와반도체장비
084850,0.0,10.0,8.0,12.0,16.0,,3.0,전자장비와기기
217730,0.0,10.0,8.0,12.0,16.0,,3.0,생물공학
298830,0.0,10.0,8.0,12.0,16.0,,3.0,소프트웨어
089980,0.0,10.0,8.0,12.0,16.0,,3.0,전자장비와기기
200670,0.0,10.0,8.0,12.0,16.0,,3.0,제약
304360,0.0,10.0,8.0,12.0,16.0,,3.0,생물공학
041830,0.0,10.0,8.0,12.0,16.0,,3.0,건강관리장비와용품
114190,0.0,10.0,8.0,12.0,16.0,,3.0,전자장비와기기
241770,0.0,10.0,8.0,12.0,16.0,,3.0,반도체와반도체장비
053030,0.0,10.0,8.0,12.0,16.0,,3.0,제약
338840,0.0,10.0,8.0,12.0,16.0,,3.0,생물공학
036890,0.0,10.0,8.0,12.0,16.0,,3.0,기계
041920,0.0,10.0,8.0,12.0,16.0,,3.0,건강관리장비와용품
086390,0.0,10.0,8.0,12.0,16.0,,3.0,반도체와반도체장비
108860,0.0,10.0,8.0,12.0,16.0,,3.0,건강관리장비와용품
035810,0.0,10.0,8.0,12.0,16.0,,3.0,식품
419530,0.0,10.0,8.0,12.0,16.0,,3.0,방송과엔터테인먼트
003800,0.0,10.0,8.0,12.0,16.0,,3.0,가구
475400,0.0,10.0,8.0,12.0,16.0,,3.0,기계
052710,0.0,10.0,8.0,12.0,16.0,,3.0,핸드셋
389020,0.0,10.0,8.0,12.0,16.0,,3.0,통신장비
094360,0.0,10.0,8.0,12.0,16.0,,3.0,반도체와반도체장비
065660,0.0,10.0,8.0,12.0,16.0,,3.0,제약
084990,0.0,10.0,8.0,12.0,16.0,,3.0,생물공학
064820,0.0,10.0,8.0,12.0,16.0,,3.0,증권
314930,0.0,10.0,8.0,12.0,16.0,,3.0,건강관리장비와용품
0088M0,0.0,10.0,8.0,12.0,16.0,,3.0,건강관리장비와용품
352480,0.0,10.0,8.0,12.0,16.0,,3.0,화장품
035890,0.0,10.0,8.0,12.0,16.0,,3.0,건설
046120,0.0,10.0,8.0,12.0,16.0,,3.0,에너지장비및서비스
0015G0,0.0,10.0,8.0,12.0,16.0,,3.0,우주항공과국방
170920,0.0,10.0,8.0,12.0,16.0,,3.0,반도체와반도체장비
204620,0.0,10.0,8.0,12.0,16.0,,3.0,기타금융
073490,0.0,10.0,8.0,12.0,16.0,,3.0,통신장비
099430,0.0,10.0,8.0,12.0,16.0,,3.0,건강관리장비와용품
085910,0.0,10.0,8.0,12.0,16.0,,3.0,자동차부품
456010,0.0,10.0,8.0,12.0,16.0,,3.0,통신장비
474650,0.0,10.0,8.0,12.0,16.0,,3.0,기계
058970,0.0,10.0,8.0,12.0,16.0,,3.0,소프트웨어
236200,0.0,10.0,8.0,12.0,16.0,,3.0,전자장비와기기
064290,0.0,10.0,8.0,12.0,16.0,,3.0,반도체와반도체장비
243840,0.0,10.0,8.0,12.0,16.0,,3.0,전기제품
462350,0.0,10.0,8.0,12.0,16.0,,3.0,우주항공과국방
136480,0.0,10.0,8.0,12.0,16.0,,3.0,식품
094480,0.0,10.0,8.0,12.0,16.0,,3.0,IT서비스
451760,0.0,10.0,8.0,12.0,16.0,,3.0,우주항공과국방
365270,0.0,10.0,8.0,12.0,16.0,,3.0,제약
043150,0.0,10.0,8.0,12.0,16.0,,3.0,건강관리장비와용품
200130,0.0,10.0,8.0,12.0,16.0,,3.0,건강관리업체및서비스
332570,0.0,10.0,8.0,12.0,16.0,,3.0,핸드셋
036200,0.0,10.0,8.0,12.0,16.0,,3.0,반도체와반도체장비
378340,0.0,10.0,8.0,12.0,16.0,,3.0,전기제품
051500,0.0,10.0,8.0,12.0,16.0,,3.0,식품과기본식료품소매
049630,0.0,10.0,8.0,12.0,16.0,,3.0,핸드셋
093520,0.0,10.0,8.0,12.0,16.0,,3.0,반도체와반도체장비
402490,0.0,10.0,8.0,12.0,16.0,,3.0,반도체와반도체장비
060720,0.0,10.0,8.0,12.0,16.0,,3.0,핸드셋
265520,0.0,10.0,8.0,12.0,16.0,,3.0,디스플레이장비및부품
067390,0.0,10.0,8.0,12.0,16.0,,3.0,우주항공과국방
101360,0.0,10.0,8.0,12.0,16.0,,3.0,화학
045390,0.0,10.0,8.0,12.0,16.0,,3.0,IT서비스
115450,0.0,10.0,8.0,12.0,16.0,,3.0,제약
322310,0.0,10.0,8.0,12.0,16.0,,3.0,반도체와반도체장비
452280,0.0,10.0,8.0,12.0,16.0,,3.0,기계
014940,0.0,10.0,8.0,12.0,16.0,,3.0,조선
274090,0.0,10.0,8.0,12.0,16.0,,3.0,우주항공과국방
151860,0.0,10.0,8.0,12.0,16.0,,3.0,자동차
448280,0.0,10.0,8.0,12.0,16.0,,3.0,상업서비스와공급품
416180,0.0,10.0,8.0,12.0,16.0,,3.0,전기제품
243070,0.0,10.0,8.0,12.0,16.0,,3.0,제약
095500,0.0,10.0,8.0,12.0,16.0,,3.0,디스플레이장비및부품
160980,0.0,10.0,8.0,12.0,16.0,,3.0,반도체와반도체장비
215000,0.0,10.0,8.0,12.0,16.0,,3.0,"호텔,레스토랑,레저"
0007C0,0.0,10.0,8.0,12.0,16.0,,3.0,IT서비스
095700,0.0,10.0,8.0,12.0,16.0,,3.0,생물공학
272110,0.0,10.0,8.0,12.0,16.0,,3.0,반도체와반도체장비
445090,0.0,10.0,8.0,12.0,16.0,,3.0,반도체와반도체장비
0008Z0,0.0,10.0,8.0,12.0,16.0,,3.0,조선
018000,0.0,10.0,8.0,12.0,16.0,,3.0,에너지장비및서비스
012210,0.0,10.0,8.0,12.0,16.0,,3.0,기계
023410,0.0,10.0,8.0,12.0,16.0,,3.0,건축자재
035600,0.0,10.0,8.0,12.0,16.0,,3.0,IT서비스
064550,0.0,10.0,8.0,12.0,16.0,,3.0,생물공학
472850,0.0,10.0,8.0,12.0,16.0,,3.0,"섬유,의류,신발,호화품"
049070,0.0,10.0,8.0,12.0,16.0,,3.0,핸드셋
138610,0.0,10.0,8.0,12.0,16.0,,3.0,건강관리장비와용품
023760,0.0,10.0,8.0,12.0,16.0,,3.0,기타금융
078070,0.0,10.0,8.0,12.0,16.0,,3.0,통신장비
051370,0.0,10.0,8.0,12.0,16.0,,3.0,전자장비와기기
064850,0.0,10.0,8.0,12.0,16.0,,3.0,IT서비스
099440,0.0,10.0,8.0,12.0,16.0,,3.0,기계
304100,0.0,10.0,8.0,12.0,16.0,,3.0,IT서비스
251370,0.0,10.0,8.0,12.0,16.0,,3.0,화학
086820,0.0,10.0,8.0,12.0,16.0,,3.0,생물공학
054950,0.0,10.0,8.0,12.0,16.0,,3.0,건강관리장비와용품
092730,0.0,10.0,8.0,12.0,16.0,,3.0,화장품
200470,0.0,10.0,8.0,12.0,16.0,,3.0,반도체와반도체장비
226590,0.0,10.0,8.0,12.0,16.0,,3.0,반도체와반도체장비
361390,0.0,10.0,8.0,12.0,16.0,,3.0,우주항공과국방
091580,0.0,10.0,8.0,12.0,16.0,,3.0,전기제품
255220,0.0,10.0,8.0,12.0,16.0,,3.0,건축자재
294570,0.0,10.0,8.0,12.0,16.0,,3.0,IT서비스
098120,0.0,10.0,8.0,12.0,16.0,,3.0,반도체와반도체장비
418550,0.0,10.0,8.0,12.0,16.0,,3.0,건설
459510,0.0,10.0,8.0,12.0,16.0,,3.0,기계
065680,0.0,10.0,8.0,12.0,16.0,,3.0,핸드셋
357550,0.0,10.0,8.0,12.0,16.0,,3.0,화학
061970,0.0,10.0,8.0,12.0,16.0,,3.0,반도체와반도체장비
092460,0.0,10.0,8.0,12.0,16.0,,3.0,조선
464080,0.0,10.0,8.0,12.0,16.0,,3.0,전자장비와기기
012860,0.0,10.0,8.0,12.0,16.0,,3.0,자동차부품
