asof_date,ticker,trailing_eps_dart,trailing_eps_scrape,consensus_eps_scrape,naver_sector,source_primary,forward_eps_auto,eps_growth_auto_pct
2026-04-28,000070,-38403.39315443869,-23161.0,,화학,DART,-42243.73246988256,10.0
2026-04-28,000080,586.2702345669895,582.0,1526.0,음료,DART,1526.0,
2026-04-28,000100,2326.7367031808026,2389.0,2025.0,제약,DART,2025.0,
2026-04-28,000120,11342.234705166642,10612.0,12929.0,항공화물운송과물류,DART,12929.0,
2026-04-28,000150,15407.777095419337,3546.0,19872.0,복합기업,DART,19872.0,
2026-04-28,000157,,3546.0,19872.0,복합기업,SCRAPE,19872.0,
2026-04-28,0001A0,,251.0,,석유와가스,SCRAPE,276.1,10.0
2026-04-28,000210,-4595.286706874308,-3887.0,,화학,DART,-5054.815377561739,10.0
2026-04-28,000240,3657.538424182632,3658.0,,자동차부품,DART,4023.2922666008953,10.0
2026-04-28,000250,512.8364480622635,224.0,,제약,DART,564.1200928684899,10.0
2026-04-28,000270,19349.186729689773,19111.0,21385.0,자동차,DART|DAILY_DISC,21385.0,
2026-04-28,000370,2504.159516987116,1932.0,,손해보험,DART,2754.575468685828,10.0
2026-04-28,000400,165.4044231754762,165.0,,손해보험,DART,181.94486549302383,10.0
2026-04-28,000500,3106.828732073736,3217.0,,전기장비,DART,3417.51160528111,10.0
2026-04-28,000640,13585.759087041166,13508.0,12688.0,제약,DART|DAILY_DISC,12688.0,
2026-04-28,000660,60260.64190203718,58955.0,224066.0,반도체와반도체장비,DART|DAILY_DISC,224066.0,
2026-04-28,000670,1658.77930097711,-422.0,,핸드셋,DART,1824.6572310748213,10.0
2026-04-28,000720,5020.5573101671025,3320.0,4318.0,건설,DART|DAILY_DISC,4318.0,
2026-04-28,0007C0,,-478.0,,IT서비스,SCRAPE,-525.8000000000001,10.0
2026-04-28,000810,45249.75315523456,40703.0,44013.0,손해보험,DART,44013.0,
2026-04-28,000880,26569.28508732171,3939.0,10406.0,복합기업,DART,10406.0,
2026-04-28,00088K,,3939.0,10406.0,복합기업,SCRAPE,10406.0,
2026-04-28,0008Z0,,2169.0,,조선,SCRAPE,2385.9,10.0
2026-04-28,000990,5805.880538346898,5783.0,,반도체와반도체장비,DART,6386.468592181588,10.0
2026-04-28,0009K0,,92.0,,생물공학,SCRAPE,101.2,10.0
2026-04-28,001040,4888.489795968729,4019.0,11404.0,복합기업,DART,11404.0,
2026-04-28,00104K,,4019.0,11404.0,복합기업,SCRAPE,11404.0,
2026-04-28,001060,2641.560496703374,2470.0,,제약,DART,2905.716546373712,10.0
2026-04-28,001120,4083.128182017544,3659.0,7006.0,무역회사와판매업체,DART|DAILY_DISC,7006.0,
2026-04-28,001200,666.2604596053093,666.0,,증권,DART|DAILY_DISC,732.8865055658403,10.0
2026-04-28,001270,4401.29596506654,3413.0,,증권,DART,4841.4255615731945,10.0
2026-04-28,001390,3628.948809580648,1019.0,,자동차,DART,3991.843690538713,10.0
2026-04-28,001430,1565.3372286785395,1567.0,2057.0,철강,DART,2057.0,
2026-04-28,001440,482.0525579560551,452.0,562.0,전기장비,DART|DAILY_DISC,562.0,
2026-04-28,001450,11407.383087058166,11407.0,,손해보험,DART,12548.121395763985,10.0
2026-04-28,001500,933.7240456737017,993.0,,증권,DART|DAILY_DISC,1027.0964502410718,10.0
2026-04-28,001510,62.04812265887941,60.0,,증권,DART|DAILY_DISC,68.25293492476736,10.0
2026-04-28,001530,-505.2692008020566,-462.0,,"섬유,의류,신발,호화품",DART,-555.7961208822624,10.0
2026-04-28,001570,-1079.3320864650686,-1029.0,,화학,DART,-1187.2652951115756,10.0
2026-04-28,0015G0,,208.0,,우주항공과국방,SCRAPE,228.8,10.0
2026-04-28,001680,-8747.655523799696,-8447.0,,식품,DART,-9622.421076179668,10.0
2026-04-28,001720,6829.573249878345,8632.0,,증권,DART,7512.53057486618,10.0
2026-04-28,001740,225.87433967988363,225.0,296.0,복합기업,DART,296.0,
2026-04-28,001800,5391.900149862508,1931.0,,식품,DART,5931.09016484876,10.0
2026-04-28,001820,1212.931936026936,1206.0,,전기제품,DART,1334.2251296296297,10.0
2026-04-28,001940,-1636.0787873914214,-1287.0,,철강,DART,-1799.6866661305637,10.0
2026-04-28,002020,-22979.015572201977,-11553.0,,복합기업,DART,-25276.91712942217,10.0
2026-04-28,002030,24905.06456996424,14837.0,,건축자재,DART,27395.571026960664,10.0
2026-04-28,002240,170.46703603703705,356.0,,철강,DART,187.5137396407408,10.0
2026-04-28,002350,1547.8373423024236,1448.0,1587.0,자동차부품,DART,1587.0,
2026-04-28,002380,173127.92396137904,173128.0,60152.0,건축자재,DART,60152.0,
2026-04-28,002710,-289.9552255448745,-284.0,,철강,DART,-318.950748099362,10.0
2026-04-28,002790,3821.118067040047,1329.0,,화장품,DART,4203.229873744052,10.0
2026-04-28,002840,9162.47011136842,9162.0,,화학,DART,10078.717122505264,10.0
2026-04-28,002960,37098.43268384616,37098.0,,화학,DART,40808.275952230775,10.0
2026-04-28,003000,126.01349225600724,147.0,,제약,DART,138.61484148160798,10.0
2026-04-28,003030,23626.740122129864,15274.0,,철강,DART,25989.414134342853,10.0
2026-04-28,003090,3919.831402439339,3011.0,,제약,DART,4311.814542683273,10.0
2026-04-28,003160,477.64271056537103,180.0,,반도체와반도체장비,DART,525.4069816219081,10.0
2026-04-28,003230,51596.03090196953,51697.0,70582.0,식품,DART|DAILY_DISC,70582.0,
2026-04-28,003240,74675.45160499371,72592.0,,화학,DART,82142.99676549308,10.0
2026-04-28,003280,126.1283023519124,127.0,,해운사,DART,138.74113258710364,10.0
2026-04-28,003300,2008.9107962135488,1024.0,,건축자재,DART,2209.801875834904,10.0
2026-04-28,003380,4586.912651464162,2051.0,,식품,DART,5045.603916610578,10.0
2026-04-28,003470,479.1241408870661,450.0,,증권,DART|DAILY_DISC,527.0365549757728,10.0
2026-04-28,003490,1757.8396566047118,2111.0,498.0,항공사,DART,498.0,
2026-04-28,003530,475.46519650460135,465.0,,증권,DART|DAILY_DISC,523.0117161550615,10.0
2026-04-28,003540,3793.7302339306266,2044.0,,증권,DART|DAILY_DISC,4173.10325732369,10.0
2026-04-28,003550,6484.961232890973,4628.0,7820.0,복합기업,DART|DAILY_DISC,7820.0,
2026-04-28,003570,1851.72758949447,1852.0,,자동차부품,DART,2036.9003484439168,10.0
2026-04-28,003620,230.1248183569315,232.0,,자동차,DART|DAILY_DISC,253.13730019262468,10.0
2026-04-28,003670,410.6064444784725,386.0,313.0,화학,DART,313.0,
2026-04-28,003690,1822.3155821957605,1653.0,,손해보험,DART,2004.5471404153368,10.0
2026-04-28,003800,5047.208299909828,5047.0,,가구,DART,5551.929129900812,10.0
2026-04-28,003850,749.5632139999616,748.0,,제약,DART,824.5195353999578,10.0
2026-04-28,004000,4112.129535581395,4112.0,5901.0,화학,DART|DAILY_DISC,5901.0,
2026-04-28,004020,10.408811533462822,-52.0,2060.0,철강,DART|DAILY_DISC,2060.0,
2026-04-28,004170,6839.837304758903,1440.0,26485.0,백화점과일반상점,DART,26485.0,
2026-04-28,004370,27957.33328477987,27970.0,30570.0,식품,DART,30570.0,
2026-04-28,004490,10204.202214502164,10076.0,,자동차부품,DART,11224.62243595238,10.0
2026-04-28,004690,32386.00962090246,27498.0,,가스유틸리티,DART,35624.61058299271,10.0
2026-04-28,004700,1735.7999430903676,1736.0,,"섬유,의류,신발,호화품",DART,1909.3799373994043,10.0
2026-04-28,004800,25215.68690934456,19707.0,17204.0,복합기업,DART|DAILY_DISC,17204.0,
2026-04-28,004990,-5970.105804369684,-6125.0,,복합기업,DART,-6567.116384806653,10.0
2026-04-28,005070,-15.741605634466874,-16.0,,화학,DART|DAILY_DISC,-17.31576619791356,10.0
2026-04-28,005090,-6579.734319694048,-4259.0,1254.0,에너지장비및서비스,DART,1254.0,
2026-04-28,005180,5994.740426696167,5757.0,,식품,DART,6594.214469365784,10.0
2026-04-28,005250,-889.2431566287554,-1403.0,,제약,DART,-978.167472291631,10.0
2026-04-28,005290,1830.0719996388568,1927.0,,반도체와반도체장비,DART,2013.0791996027424,10.0
2026-04-28,005300,5517.727491258647,4697.0,10718.0,음료,DART|DAILY_DISC,10718.0,
2026-04-28,005380,50619.69175811383,35331.0,40715.0,자동차,DART|DAILY_DISC,40715.0,
2026-04-28,005387,,35331.0,40715.0,자동차,SCRAPE,40715.0,
2026-04-28,005389,,35331.0,40715.0,자동차,SCRAPE,40715.0,
2026-04-28,005420,-806.1065914574345,-790.0,,화학,DART,-886.7172506031781,10.0
2026-04-28,005440,3326.796532701173,2643.0,1788.0,복합기업,DART,1788.0,
2026-04-28,005490,6365.393138701126,8085.0,22435.0,철강,DART,22435.0,
2026-04-28,005610,1626.502234265835,1627.0,,식품,DART,1789.1524576924187,10.0
2026-04-28,005690,671.293309621593,671.0,958.0,화학,DART,958.0,
2026-04-28,005810,5157.935458267752,5163.0,,비철금속,DART,5673.729004094528,10.0
2026-04-28,005830,25806.828663668857,25263.0,,손해보험,DART,28387.511530035747,10.0
2026-04-28,005850,6906.362346356784,6692.0,7950.0,자동차부품,DART,7950.0,
2026-04-28,005880,536.828793253571,559.0,476.0,해운사,DART,476.0,
2026-04-28,005930,7732.577940801414,6564.0,36464.0,반도체와반도체장비,DART,36464.0,
2026-04-28,005940,2894.6746174064,2888.0,3532.0,증권,DART|DAILY_DISC,3532.0,
2026-04-28,006040,8769.339989484459,8795.0,6682.0,식품,DART,6682.0,
2026-04-28,006110,-1645.694032415212,-1692.0,,비철금속,DART,-1810.2634356567328,10.0
2026-04-28,006120,8305.309969402917,6549.0,,석유와가스,DART,9135.84096634321,10.0
2026-04-28,006220,368.5325871037881,387.0,,은행,DART,405.3858458141669,10.0
2026-04-28,006260,15549.51923076923,8458.0,14858.0,전기장비,DART,14858.0,
2026-04-28,006280,-2540.115767817638,-400.0,3616.0,제약,DART,3616.0,
2026-04-28,006340,164.72041939329114,113.0,,전기장비,DART,181.19246133262027,10.0
2026-04-28,006360,1091.6262383372853,1093.0,3140.0,건설,DART|DAILY_DISC,3140.0,
2026-04-28,006380,-191.4799804847333,-191.0,,화학,DART,-210.62797853320663,10.0
2026-04-28,006400,-7257.821081948583,-8325.0,1135.0,전기제품,DART|DAILY_DISC,1135.0,
2026-04-28,006650,8599.392465846155,4878.0,12419.0,화학,DART,12419.0,
2026-04-28,006730,1789.664963901031,1206.0,712.0,"호텔,레스토랑,레저",DART,712.0,
2026-04-28,006800,2828.823607287122,2154.0,3466.0,증권,DART|DAILY_DISC,3466.0,
2026-04-28,00680K,,2154.0,3466.0,증권,SCRAPE,3466.0,
2026-04-28,006910,413.48451580042297,413.0,,전기장비,DART,454.8329673804653,10.0
2026-04-28,007070,600.8920694534091,519.0,2294.0,백화점과일반상점,DART,2294.0,
2026-04-28,007310,17998.68295012513,17271.0,,식품,DART,19798.551245137645,10.0
2026-04-28,007340,5554.27368916867,4809.0,,자동차부품,DART,6109.701058085538,10.0
2026-04-28,007390,-44.04914025371531,-44.0,,생물공학,DART,-48.45405427908684,10.0
2026-04-28,007660,2186.136344768904,2257.0,3578.0,전자장비와기기,DART,3578.0,
2026-04-28,007690,2364.6661338851627,2354.0,,화학,DART|DAILY_DISC,2601.13274727368,10.0
2026-04-28,007700,9405.895715224024,3214.0,,"섬유,의류,신발,호화품",DART,10346.485286746429,10.0
2026-04-28,007810,2243.0731565191795,1726.0,3753.0,전자장비와기기,DART,3753.0,
2026-04-28,008060,199.001512636295,101.0,,전자장비와기기,DART,218.9016638999245,10.0
2026-04-28,0082N0,,-3620.0,,제약,SCRAPE,-3982.000000000001,10.0
2026-04-28,008730,167.94407262096777,168.0,,포장재,DART,184.73847988306457,10.0
2026-04-28,008770,-4403.995544321727,-4321.0,2252.0,백화점과일반상점,DART|DAILY_DISC,2252.0,
2026-04-28,0088M0,,416.0,,건강관리장비와용품,SCRAPE,457.6,10.0
2026-04-28,008930,1721.1074393547156,1731.0,,제약,DART|DAILY_DISC,1893.2181832901872,10.0
2026-04-28,009150,9786.495465668211,9099.0,14602.0,전자장비와기기,DART,14602.0,
2026-04-28,009240,1966.5686221611625,1967.0,999.0,가구,DART,999.0,
2026-04-28,009290,428.2907790327224,400.0,,제약,DART,471.1198569359947,10.0
2026-04-28,009410,322.0178640263672,216.0,,건설,DART,354.21965042900393,10.0
2026-04-28,009420,-106.41452414880538,-106.0,151.0,제약,DART,151.0,
2026-04-28,009450,6157.003532393522,6157.0,,가정용기기와용품,DART,6772.7038856328745,10.0
2026-04-28,009520,33.89543829563609,34.0,,철강,DART,37.2849821251997,10.0
2026-04-28,009540,41377.22670003678,30639.0,47566.0,조선,DART|DAILY_DISC,47566.0,
2026-04-28,009830,-3579.457341882489,-3728.0,235.0,에너지장비및서비스,DART|DAILY_DISC,235.0,
2026-04-28,009900,1302.3581119758169,1302.0,,자동차부품,DART,1432.5939231733987,10.0
2026-04-28,009970,44925.16507132959,27133.0,,"섬유,의류,신발,호화품",DART,49417.68157846255,10.0
2026-04-28,010060,-7833.207428809669,-4772.0,13027.0,화학,DART|DAILY_DISC,13027.0,
2026-04-28,010120,1895.0448878133327,1911.0,3040.0,전기장비,DART,3040.0,
2026-04-28,010130,36901.76213513276,38514.0,65142.0,비철금속,DART,65142.0,
2026-04-28,010140,608.811062740909,620.0,1358.0,조선,DART,1358.0,
2026-04-28,010170,-179.90680153398068,-242.0,,통신장비,DART,-197.8974816873788,10.0
2026-04-28,010690,1909.724814542556,1910.0,,자동차부품,DART,2100.697295996812,10.0
2026-04-28,010780,-2379.0957638154946,-1782.0,1982.0,건설,DART,1982.0,
2026-04-28,010820,301.9529084122103,302.0,,우주항공과국방,DART,332.14819925343136,10.0
2026-04-28,010950,1571.749970457297,1518.0,10828.0,석유와가스,DART,10828.0,
2026-04-28,011070,14419.252847422376,14419.0,26048.0,전자장비와기기,DART|DAILY_DISC,26048.0,
2026-04-28,011170,-57887.83334302348,-47624.0,-13282.0,화학,DART|DAILY_DISC,-13282.0,
2026-04-28,011200,1991.7900463655,1955.0,1280.0,해운사,DART,1280.0,
2026-04-28,011210,4299.7478625088215,3641.0,7116.0,자동차부품,DART|DAILY_DISC,7116.0,
2026-04-28,011780,11564.61510311609,9843.0,12452.0,화학,DART,12452.0,
2026-04-28,011790,-18996.38190150505,-18219.0,,화학,DART|DAILY_DISC,-20896.02009165556,10.0
2026-04-28,011930,-39.80866134668366,-34.0,,반도체와반도체장비,DART,-43.789527481352025,10.0
2026-04-28,0120G0,,1861.0,,건강관리장비와용품,SCRAPE,2047.1,10.0
2026-04-28,012210,76.16069683091375,77.0,,기계,DART,83.77676651400513,10.0
2026-04-28,012330,40390.51770409755,39682.0,47937.0,자동차부품,DART|DAILY_DISC,47937.0,
2026-04-28,012450,42704.38030261037,28573.0,46112.0,우주항공과국방,DART,46112.0,
2026-04-28,012510,3036.3447477892614,2933.0,3590.0,소프트웨어,DART,3590.0,
2026-04-28,012630,6971.399814595231,5038.0,,건설,DART,7668.539796054754,10.0
2026-04-28,0126Z0,,-7803.0,,제약,SCRAPE,-8583.300000000001,10.0
2026-04-28,012750,4699.139455253479,4699.0,5211.0,상업서비스와공급품,DART|DAILY_DISC,5211.0,
2026-04-28,012860,283.9373374795075,272.0,,자동차부품,DART,312.33107122745827,10.0
2026-04-28,013030,4314.370512716364,4141.0,,기계,DART,4745.807563988001,10.0
2026-04-28,014620,1296.518863694454,1270.0,1639.0,기계,DART,1639.0,
2026-04-28,014680,13028.345038761428,12993.0,15688.0,화학,DART,15688.0,
2026-04-28,014820,1853.1409104985423,1835.0,,포장재,DART,2038.4550015483967,10.0
2026-04-28,014830,9642.876812016077,9643.0,12781.0,화학,DART|DAILY_DISC,12781.0,
2026-04-28,014940,420.0342580553272,420.0,,조선,DART,462.03768386086,10.0
2026-04-28,015360,3182.2162935779816,2930.0,,가스유틸리티,DART,3500.43792293578,10.0
2026-04-28,015750,2223.1025526625,2110.0,,자동차부품,DART,2445.41280792875,10.0
2026-04-28,015760,13500.219576928132,13311.0,14016.0,전기유틸리티,DART,14016.0,
2026-04-28,015860,1815.7691979751023,713.0,,전기장비,DART,1997.3461177726128,10.0
2026-04-28,016360,11279.13476087346,11279.0,15228.0,증권,DART|DAILY_DISC,15228.0,
2026-04-28,016380,1355.2919371863486,1350.0,,철강,DART,1490.8211309049836,10.0
2026-04-28,016590,552.6959035501176,566.0,,포장재,DART,607.9654939051294,10.0
2026-04-28,016610,2248.926010667244,1918.0,,증권,DART|DAILY_DISC,2473.8186117339687,10.0
2026-04-28,016800,3093.9279331304347,3094.0,,가구,DART,3403.320726443478,10.0
2026-04-28,017670,1746.281984482773,1901.0,5734.0,무선통신서비스,DART,5734.0,
2026-04-28,017800,6888.3638595087,6703.0,,기계,DART,7577.200245459571,10.0
2026-04-28,017810,397.6842979567289,475.0,,식품,DART,437.4527277524018,10.0
2026-04-28,017900,72.94191680302158,73.0,,전자장비와기기,DART,80.23610848332375,10.0
2026-04-28,017940,16647.301354081632,15276.0,,가스유틸리티,DART,18312.0314894898,10.0
2026-04-28,017960,1996.151009165024,1960.0,2421.0,조선,DART,2421.0,
2026-04-28,018000,-84.44266485730596,-107.0,,에너지장비및서비스,DART,-92.88693134303657,10.0
2026-04-28,018250,572.7580544215652,576.0,,화장품,DART,630.0338598637218,10.0
2026-04-28,018260,10114.90659483728,9816.0,10437.0,IT서비스,DART|DAILY_DISC,10437.0,
2026-04-28,018290,1837.4946825063985,1713.0,,화장품,DART,2021.2441507570384,10.0
2026-04-28,018670,25257.89698899586,25453.0,27168.0,가스유틸리티,DART,27168.0,
2026-04-28,018880,-192.2201044036536,-257.0,196.0,자동차부품,DART|DAILY_DISC,196.0,
2026-04-28,019170,160.04206116303698,160.0,,제약,DART,176.0462672793407,10.0
2026-04-28,019210,681.0041533615561,680.0,,기계,DART,749.1045686977118,10.0
2026-04-28,020000,2061.029523151322,2061.0,3201.0,"섬유,의류,신발,호화품",DART,3201.0,
2026-04-28,020150,-3191.990340828267,-3065.0,-818.0,전자장비와기기,DART,-818.0,
2026-04-28,020560,-1419.9696119841055,-1374.0,,항공사,DART,-1561.9665731825162,10.0
2026-04-28,021240,8725.908395396493,8558.0,9702.0,가정용기기와용품,DART,9702.0,
2026-04-28,022100,346.1308198931311,343.0,,IT서비스,DART,380.7439018824442,10.0
2026-04-28,023160,2532.717922304976,2410.0,2054.0,기계,DART,2054.0,
2026-04-28,023410,-316.7263316281956,-132.0,,건축자재,DART,-348.3989647910152,10.0
2026-04-28,023530,2600.169485189433,1822.0,9616.0,백화점과일반상점,DART,9616.0,
2026-04-28,023590,26705.72355943469,11260.0,,증권,DART,29376.29591537816,10.0
2026-04-28,023760,318.5000031811456,319.0,,기타금융,DART,350.3500034992602,10.0
2026-04-28,024110,3409.5558041145014,3400.0,3499.0,은행,DART|DAILY_DISC,3499.0,
2026-04-28,024850,-213.83190144529908,-231.0,,반도체와반도체장비,DART,-235.215091589829,10.0
2026-04-28,025320,77.71876216401493,80.0,,핸드셋,DART,85.49063838041643,10.0
2026-04-28,025540,10494.880672268908,10383.0,,자동차부품,DART,11544.3687394958,10.0
2026-04-28,025770,976.7076250462987,978.0,,IT서비스,DART,1074.378387550929,10.0
2026-04-28,025860,541.9961683487677,587.0,,화학,DART,596.1957851836445,10.0
2026-04-28,025900,-1105.4299272004023,-905.0,,건축자재,DART,-1215.9729199204426,10.0
2026-04-28,025980,-391.0018168879885,-434.0,,"호텔,레스토랑,레저",DART,-430.1019985767874,10.0
2026-04-28,026890,356.43601815578535,361.0,,창업투자,DART,392.0796199713639,10.0
2026-04-28,026960,1469.0440861584757,1453.0,,식품,DART,1615.9484947743233,10.0
2026-04-28,027360,68.66347466778889,69.0,,창업투자,DART,75.52982213456778,10.0
2026-04-28,027410,589.4039993045734,618.0,,화학,DART,648.3443992350308,10.0
2026-04-28,028050,3307.693569505102,3150.0,3544.0,건설,DART|DAILY_DISC,3544.0,
2026-04-28,028260,24090.01117695868,14165.0,15388.0,복합기업,DART,15388.0,
2026-04-28,028300,-1768.2770862102916,-1677.0,,건강관리장비와용품,DART,-1945.104794831321,10.0
2026-04-28,028670,563.8312571780187,564.0,678.0,해운사,DART,678.0,
2026-04-28,029460,3919.13736649628,3305.0,,반도체와반도체장비,DART,4311.051103145908,10.0
2026-04-28,029530,2065.599573228113,1991.0,,사무용전자제품,DART,2272.1595305509245,10.0
2026-04-28,029780,5575.083572999158,5575.0,5697.0,카드,DART|DAILY_DISC,5697.0,
2026-04-28,030000,1813.371840338105,1804.0,1989.0,광고,DART|DAILY_DISC,1989.0,
2026-04-28,030190,1325.2974399390462,1299.0,,상업서비스와공급품,DART,1457.827183932951,10.0
2026-04-28,030200,7288.142685023315,6869.0,5829.0,다각화된통신서비스,DART,5829.0,
2026-04-28,030520,1016.4595808375803,1422.0,,소프트웨어,DART|DAILY_DISC,1118.1055389213386,10.0
2026-04-28,030530,652.8789639775799,355.0,,반도체와반도체장비,DART,718.1668603753379,10.0
2026-04-28,030610,1254.0110817232978,1254.0,,증권,DART|DAILY_DISC,1379.4121898956278,10.0
2026-04-28,031210,3844.2397252781298,3844.0,,손해보험,DART,4228.663697805943,10.0
2026-04-28,031330,758.33047861251,758.0,,전자장비와기기,DART,834.1635264737611,10.0
2026-04-28,031430,117.74988149545533,121.0,1074.0,"섬유,의류,신발,호화품",DART,1074.0,
2026-04-28,031980,4252.075763522558,4252.0,4859.0,반도체와반도체장비,DART,4859.0,
2026-04-28,032190,31323.3151437859,5713.0,,증권,DART,34455.64665816449,10.0
2026-04-28,032350,346.68499759187875,356.0,1065.0,"호텔,레스토랑,레저",DART,1065.0,
2026-04-28,032500,-651.524399344982,-672.0,,통신장비,DART,-716.6768392794803,10.0
2026-04-28,032640,1184.7194213141197,1208.0,1712.0,무선통신서비스,DART,1712.0,
2026-04-28,032820,-23.99035962686787,5.0,,우주항공과국방,DART,-26.38939558955466,10.0
2026-04-28,032830,12257.575,11514.0,12321.0,생명보험,DART,12321.0,
2026-04-28,033100,3655.269824781576,3655.0,,전기장비,DART,4020.796807259734,10.0
2026-04-28,033160,588.177879271442,60.0,,반도체와반도체장비,DART,646.9956671985861,10.0
2026-04-28,033240,2181.4326902471416,2150.0,,통신장비,DART,2399.575959271856,10.0
2026-04-28,033500,1863.4268085016704,1863.0,2461.0,화학,DART,2461.0,
2026-04-28,033640,874.2202627827277,719.0,,반도체와반도체장비,DART,961.6422890610004,10.0
2026-04-28,033780,9612.384457183936,8973.0,11414.0,담배,DART,11414.0,
2026-04-28,033790,-86.01643352477092,-135.0,,전기제품,DART,-94.618076877248,10.0
2026-04-28,034020,320.2863634192387,132.0,512.0,기계,DART,512.0,
2026-04-28,034220,607.614,453.0,1442.0,디스플레이패널,DART|DAILY_DISC,1442.0,
2026-04-28,034230,1563.0187047669172,1026.0,1033.0,"호텔,레스토랑,레저",DART,1033.0,
2026-04-28,034310,2083.1976860451964,1015.0,,IT서비스,DART,2291.5174546497165,10.0
2026-04-28,034730,49036.04766294023,21863.0,43752.0,석유와가스,DART,43752.0,
2026-04-28,034830,76.94603899738614,83.0,,부동산,DART,84.64064289712476,10.0
2026-04-28,034950,6470.528156503867,5556.0,,상업서비스와공급품,DART,7117.580972154254,10.0
2026-04-28,035250,1487.295431187643,1487.0,1360.0,"호텔,레스토랑,레저",DART,1360.0,
2026-04-28,035420,11595.25484050195,12376.0,13899.0,양방향미디어와서비스,DART,13899.0,
2026-04-28,035600,2097.0631387674302,1732.0,,IT서비스,DART,2306.7694526441733,10.0
2026-04-28,035720,1169.206374540987,1110.0,1485.0,양방향미디어와서비스,DART,1485.0,
2026-04-28,035760,775.8476348882406,1345.0,3197.0,방송과엔터테인먼트,DART,3197.0,
2026-04-28,035810,1073.393331022285,414.0,,식품,DART,1180.7326641245138,10.0
2026-04-28,035890,524.790316019571,530.0,,건설,DART,577.2693476215281,10.0
2026-04-28,035900,4518.778927185856,4519.0,3685.0,방송과엔터테인먼트,DART,3685.0,
2026-04-28,036170,177.79225089303253,178.0,,디스플레이장비및부품,DART,195.5714759823358,10.0
2026-04-28,036200,292.3517659977884,293.0,,반도체와반도체장비,DART,321.58694259756726,10.0
2026-04-28,036460,1432.636790051239,1441.0,8295.0,가스유틸리티,DART,8295.0,
2026-04-28,036530,13473.50692534283,7969.0,,자동차부품,DART,14820.857617877116,10.0
2026-04-28,036540,-116.32593052561748,-116.0,,반도체와반도체장비,DART,-127.95852357817924,10.0
2026-04-28,036570,16126.123259064623,16023.0,17084.0,게임엔터테인먼트,DART,17084.0,
2026-04-28,036620,391.3346343546282,387.0,517.0,"섬유,의류,신발,호화품",DART,517.0,
2026-04-28,036810,-668.1659410264162,-556.0,,반도체와반도체장비,DART,-734.982535129058,10.0
2026-04-28,036830,24168.868325570533,23248.0,,전기제품,DART,26585.755158127587,10.0
2026-04-28,036890,1481.578137519078,1461.0,,기계,DART,1629.735951270986,10.0
2026-04-28,036930,767.912131508188,755.0,1740.0,반도체와반도체장비,DART|DAILY_DISC,1740.0,
2026-04-28,037460,7252.4396428794225,4636.0,,통신장비,DART,7977.683607167365,10.0
2026-04-28,038500,378.10375431123447,378.0,,건축자재,DART,415.91412974235794,10.0
2026-04-28,039030,4672.636037030574,4644.0,9034.0,반도체와반도체장비,DART,9034.0,
2026-04-28,039130,3104.705232405152,2036.0,3711.0,"호텔,레스토랑,레저",DART,3711.0,
2026-04-28,039200,1421.8366201253295,1368.0,,제약,DART,1564.0202821378623,10.0
2026-04-28,039440,994.2565380758824,974.0,,반도체와반도체장비,DART,1093.6821918834708,10.0
2026-04-28,039490,42537.27849952937,40504.0,55287.0,증권,DART|DAILY_DISC,55287.0,
2026-04-28,041190,1316.0070536071428,1316.0,,창업투자,DART,1447.607758967857,10.0
2026-04-28,041510,15696.395697080852,15126.0,6057.0,방송과엔터테인먼트,DART|DAILY_DISC,6057.0,
2026-04-28,041830,2224.452701611067,2266.0,,건강관리장비와용품,DART,2446.8979717721736,10.0
2026-04-28,041920,283.60217161607324,284.0,,건강관리장비와용품,DART,311.9623887776806,10.0
2026-04-28,041960,-108.65071266406667,-100.0,,제약,DART,-119.51578393047336,10.0
2026-04-28,042000,1610.647456811006,1611.0,,IT서비스,DART,1771.7122024921066,10.0
2026-04-28,042370,1629.306278257368,253.0,,전기제품,DART,1792.236906083105,10.0
2026-04-28,042520,-2249.091855430128,-2023.0,,건강관리장비와용품,DART,-2474.001040973141,10.0
2026-04-28,042660,4066.145810218727,4066.0,4475.0,조선,DART|DAILY_DISC,4475.0,
2026-04-28,042700,2245.3321653576354,2233.0,,반도체와반도체장비,DART,2469.865381893399,10.0
2026-04-28,043150,2631.159925478597,2701.0,3575.0,건강관리장비와용품,DART,3575.0,
2026-04-28,043260,1283.6949236919122,1341.0,,전기제품,DART,1412.0644160611037,10.0
2026-04-28,044490,270.6256578509701,271.0,,에너지장비및서비스,DART,297.6882236360671,10.0
2026-04-28,045100,2381.660580057143,2320.0,,반도체와반도체장비,DART,2619.826638062857,10.0
2026-04-28,045390,289.4915858367338,290.0,,IT서비스,DART,318.4407444204072,10.0
2026-04-28,046120,24.091722690394988,29.0,,에너지장비및서비스,DART,26.50089495943449,10.0
2026-04-28,046890,-1029.1724466687476,-882.0,,디스플레이장비및부품,DART,-1132.0896913356223,10.0
2026-04-28,046970,-17.99597898450608,-18.0,,컴퓨터와주변기기,DART,-19.79557688295669,10.0
2026-04-28,047040,-2229.4049795491997,-2195.0,698.0,건설,DART|DAILY_DISC,698.0,
2026-04-28,047050,3619.7835041131793,3491.0,4563.0,무역회사와판매업체,DART|DAILY_DISC,4563.0,
2026-04-28,047810,1921.6456556852,1907.0,3750.0,우주항공과국방,DART|DAILY_DISC,3750.0,
2026-04-28,047920,139.38506673728594,141.0,,제약,DART,153.32357341101454,10.0
2026-04-28,048410,-229.2960626874477,-235.0,,화장품,DART,-252.2256689561925,10.0
2026-04-28,049070,474.48715441860463,942.0,,핸드셋,DART,521.9358698604651,10.0
2026-04-28,049630,72.31973677637069,88.0,,핸드셋,DART,79.55171045400776,10.0
2026-04-28,050890,599.8231769606871,597.0,,통신장비,DART,659.8054946567559,10.0
2026-04-28,051370,1407.3379180564443,1410.0,,전자장비와기기,DART,1548.071709862089,10.0
2026-04-28,051500,4220.7021444312495,4221.0,5369.0,식품과기본식료품소매,DART|DAILY_DISC,5369.0,
2026-04-28,051600,2761.145848377778,2761.0,3456.0,전기유틸리티,DART,3456.0,
2026-04-28,051900,-5605.568608875215,-5688.0,7409.0,화장품,DART,7409.0,
2026-04-28,051910,-13840.920395573214,-23242.0,-3822.0,화학,DART,-3822.0,
2026-04-28,052020,-320.66229746070985,-321.0,,판매업체,DART,-352.7285272067809,10.0
2026-04-28,052400,5118.52637092811,5110.0,,IT서비스,DART,5630.379008020921,10.0
2026-04-28,052690,2233.5882332548404,2234.0,1633.0,전기유틸리티,DART,1633.0,
2026-04-28,052710,541.9121904598865,542.0,,핸드셋,DART,596.1034095058751,10.0
2026-04-28,053030,-100.63743777266242,-99.0,,제약,DART,-110.70118154992868,10.0
2026-04-28,053610,3216.056394181818,4331.0,,반도체와반도체장비,DART,3537.6620336,10.0
2026-04-28,053800,4628.169832110817,4878.0,,소프트웨어,DART|DAILY_DISC,5090.9868153219,10.0
2026-04-28,054950,2345.0006449189123,2345.0,2852.0,건강관리장비와용품,DART|DAILY_DISC,2852.0,
2026-04-28,055550,10712.045264448756,10085.0,11394.0,은행,DART|DAILY_DISC,11394.0,
2026-04-28,056080,-186.1740659133605,-186.0,,기계,DART,-204.7914725046966,10.0
2026-04-28,056190,1450.9773826219564,1534.0,,기계,DART,1596.075120884152,10.0
2026-04-28,057050,9559.69225,8251.0,,인터넷과카탈로그소매,DART,10515.661475,10.0
2026-04-28,058470,1993.9244409629207,1994.0,2413.0,반도체와반도체장비,DART,2413.0,
2026-04-28,058610,411.831043235083,412.0,,전기제품,DART,453.0141475585913,10.0
2026-04-28,058650,19911.624296004207,16154.0,,철강,DART,21902.78672560463,10.0
2026-04-28,058970,205.0812151764952,238.0,,소프트웨어,DART,225.58933669414472,10.0
2026-04-28,059090,2242.863341642333,883.0,,반도체와반도체장비,DART,2467.149675806567,10.0
2026-04-28,060250,1139.871283532016,1128.0,1343.0,IT서비스,DART,1343.0,
2026-04-28,060280,67.17165906564236,67.0,,건강관리장비와용품,DART,73.8888249722066,10.0
2026-04-28,060370,159.96383638124988,197.0,251.0,건설,DART,251.0,
2026-04-28,060720,861.2391389661096,861.0,987.0,핸드셋,DART,987.0,
2026-04-28,060980,2368.0841704899312,2221.0,,자동차부품,DART,2604.8925875389245,10.0
2026-04-28,061970,-2597.5847121789807,-2656.0,,반도체와반도체장비,DART,-2857.343183396879,10.0
2026-04-28,062040,4864.205152886495,4891.0,6661.0,전기장비,DART,6661.0,
2026-04-28,064260,-903.7482866552052,-910.0,,IT서비스,DART,-994.1231153207258,10.0
2026-04-28,064290,-258.0008163892275,-257.0,,반도체와반도체장비,DART,-283.8008980281503,10.0
2026-04-28,064350,7059.519988278054,7055.0,8562.0,우주항공과국방,DART|DAILY_DISC,8562.0,
2026-04-28,064400,4532.727449805208,4548.0,5114.0,IT서비스,DART,5114.0,
2026-04-28,064550,66.13643147223718,-109.0,,생물공학,DART,72.7500746194609,10.0
2026-04-28,064760,6252.806457153039,5996.0,8972.0,반도체와반도체장비,DART|DAILY_DISC,8972.0,
2026-04-28,064820,2078.7595188204364,1922.0,,증권,DART,2286.63547070248,10.0
2026-04-28,064850,880.3930903149882,866.0,,IT서비스,DART,968.432399346487,10.0
2026-04-28,064960,2618.968963920189,2623.0,3801.0,자동차부품,DART,3801.0,
2026-04-28,065350,880.7698909559864,790.0,,가정용기기와용품,DART,968.8468800515852,10.0
2026-04-28,065660,-137.3005968359301,-138.0,,제약,DART,-151.03065651952312,10.0
2026-04-28,065680,2328.345465182457,2322.0,,핸드셋,DART,2561.180011700703,10.0
2026-04-28,066570,7492.412487484298,5321.0,9479.0,전자제품,DART,9479.0,
2026-04-28,066970,-13259.76952440398,-14393.0,-71.0,전기제품,DART,-71.0,
2026-04-28,067160,9025.3477408459,8860.0,8439.0,양방향미디어와서비스,DART,8439.0,
2026-04-28,067310,986.6739431374708,575.0,,반도체와반도체장비,DART,1085.341337451218,10.0
2026-04-28,067390,-21.596888515659145,-23.0,,우주항공과국방,DART,-23.756577367225063,10.0
2026-04-28,067630,-819.7732725227014,-819.0,,건강관리장비와용품,DART,-901.7505997749716,10.0
2026-04-28,068270,4647.615893683153,4447.0,6378.0,제약,DART,6378.0,
2026-04-28,068760,872.7401740971623,870.0,,제약,DART,960.0141915068784,10.0
2026-04-28,069080,680.1698923067977,693.0,,게임엔터테인먼트,DART|DAILY_DISC,748.1868815374776,10.0
2026-04-28,069260,1448.385116628784,1465.0,,화학,DART,1593.2236282916626,10.0
2026-04-28,069540,-200.7228771653937,-380.0,,통신장비,DART,-220.7951648819331,10.0
2026-04-28,069620,16649.347980572344,16904.0,13861.0,제약,DART,13861.0,
2026-04-28,069960,6254.349664739375,9177.0,11377.0,백화점과일반상점,DART,11377.0,
2026-04-28,071050,36326.89033153506,32808.0,36407.0,증권,DART,36407.0,
2026-04-28,071320,29267.941324205804,29268.0,15978.0,복합유틸리티,DART|DAILY_DISC,15978.0,
2026-04-28,071970,4867.168798279675,4867.0,4170.0,조선,DART,4170.0,
2026-04-28,072710,24705.90139764845,24706.0,,식품,DART,27176.49153741329,10.0
2026-04-28,073240,1311.6083163872909,1209.0,1498.0,자동차부품,DART|DAILY_DISC,1498.0,
2026-04-28,073490,-157.62488601163147,-158.0,,통신장비,DART,-173.38737461279464,10.0
2026-04-28,074600,36.44515398660986,856.0,1975.0,반도체와반도체장비,DART,1975.0,
2026-04-28,075580,1052.6832157021872,891.0,,조선,DART,1157.951537272406,10.0
2026-04-28,077360,-2546.4839025911083,-2333.0,,반도체와반도체장비,DART,-2801.1322928502195,10.0
2026-04-28,077970,1717.3484929023848,1850.0,,조선,DART,1889.083342192624,10.0
2026-04-28,078020,413.6572371104513,342.0,,증권,DART,455.0229608214965,10.0
2026-04-28,078070,1911.1518220173484,1143.0,,통신장비,DART,2102.2670042190834,10.0
2026-04-28,078130,-1.6469018077341553,-2.0,,종이와목재,DART,-1.8115919885075709,10.0
2026-04-28,078160,-2193.4025596943297,-2230.0,,생물공학,DART,-2412.742815663763,10.0
2026-04-28,078340,774.4168606006643,2865.0,2913.0,게임엔터테인먼트,DART,2913.0,
2026-04-28,078350,982.4153838443566,982.0,,반도체와반도체장비,DART,1080.6569222287924,10.0
2026-04-28,078600,1345.9090121956128,1335.0,1950.0,전자장비와기기,DART,1950.0,
2026-04-28,078930,11172.929845907744,8434.0,8318.0,석유와가스,DART,8318.0,
2026-04-28,079160,-865.8487901631604,-868.0,-343.0,방송과엔터테인먼트,DART,-343.0,
2026-04-28,079370,-455.749736321932,-188.0,,반도체와반도체장비,DART,-501.3247099541253,10.0
2026-04-28,079550,10794.524381636364,11516.0,17024.0,우주항공과국방,DART,17024.0,
2026-04-28,079900,2004.201589921429,2161.0,,기계,DART,2204.621748913572,10.0
2026-04-28,079940,2318.759658449599,1167.0,,IT서비스,DART,2550.6356242945594,10.0
2026-04-28,080220,1146.8013953439893,1147.0,,반도체와반도체장비,DART,1261.4815348783884,10.0
2026-04-28,080580,378.52465038926834,413.0,,반도체와반도체장비,DART,416.3771154281952,10.0
2026-04-28,081660,6566.31588924023,3743.0,4899.0,"섬유,의류,신발,호화품",DART,4899.0,
2026-04-28,082270,-256.08408615352755,-273.0,,반도체와반도체장비,DART,-281.69249476888035,10.0
2026-04-28,082640,771.5362650211639,772.0,,생명보험,DART|DAILY_DISC,848.6898915232804,10.0
2026-04-28,082740,2082.1974541800364,2082.0,,조선,DART|DAILY_DISC,2290.41719959804,10.0
2026-04-28,082920,1255.5231602914166,1256.0,1673.0,전기제품,DART,1673.0,
2026-04-28,083450,2473.371574009767,2457.0,,반도체와반도체장비,DART,2720.708731410744,10.0
2026-04-28,083650,2106.8902526226493,2107.0,,에너지장비및서비스,DART,2317.5792778849145,10.0
2026-04-28,084010,402.9178071626351,420.0,718.0,철강,DART,718.0,
2026-04-28,084110,6462.7802546356925,2281.0,,제약,DART,7109.058280099262,10.0
2026-04-28,084370,1941.0855408625976,1853.0,,반도체와반도체장비,DART,2135.1940949488576,10.0
2026-04-28,084850,-4124.637957461764,-4125.0,,전자장비와기기,DART,-4537.10175320794,10.0
2026-04-28,084990,-9.982485224318236,-9.0,,생물공학,DART,-10.98073374675006,10.0
2026-04-28,085620,783.0164987179776,660.0,,생명보험,DART,861.3181485897754,10.0
2026-04-28,085660,-1578.0244578762006,-1533.0,,건강관리업체및서비스,DART,-1735.8269036638208,10.0
2026-04-28,085910,449.9109430779792,305.0,,자동차부품,DART,494.90203738577713,10.0
2026-04-28,086280,23129.296707266665,23117.0,24033.0,항공화물운송과물류,DART|DAILY_DISC,24033.0,
2026-04-28,086390,-1061.8720867378192,-984.0,,반도체와반도체장비,DART,-1168.0592954116012,10.0
2026-04-28,086450,1634.5809739551391,1460.0,1786.0,제약,DART,1786.0,
2026-04-28,086520,-777.3058936594402,-1103.0,,화학,DART,-855.0364830253843,10.0
2026-04-28,086790,14712.50913937596,14110.0,15539.0,은행,DART|DAILY_DISC,15539.0,
2026-04-28,086820,10.544672878522038,11.0,,생물공학,DART,11.599140166374244,10.0
2026-04-28,086900,2145.508801606687,2144.0,,생물공학,DART,2360.059681767356,10.0
2026-04-28,087010,-592.8539311714238,-593.0,,생물공학,DART,-652.1393242885663,10.0
2026-04-28,088350,962.9131981624124,738.0,,생명보험,DART,1059.2045179786537,10.0
2026-04-28,088800,-385.5924464794616,-378.0,,통신장비,DART,-424.1516911274078,10.0
2026-04-28,088980,,,,,EMPTY,,
2026-04-28,089010,802.918637757709,611.0,,전자장비와기기,DART,883.2105015334799,10.0
2026-04-28,089030,242.78654496743843,252.0,,반도체와반도체장비,DART,267.0651994641823,10.0
2026-04-28,089590,-1443.4417032604451,-1443.0,-182.0,항공사,DART,-182.0,
2026-04-28,089860,3489.8676294957104,3514.0,4267.0,도로와철도운송,DART,4267.0,
2026-04-28,089890,796.1186498950073,796.0,,반도체와반도체장비,DART,875.730514884508,10.0
2026-04-28,089970,1070.455589380418,1018.0,2812.0,반도체와반도체장비,DART,2812.0,
2026-04-28,089980,422.4861748709444,422.0,,전자장비와기기,DART,464.7347923580389,10.0
2026-04-28,090360,-533.3985068717949,-533.0,,기계,DART,-586.7383575589745,10.0
2026-04-28,090430,4228.1518939805865,3413.0,5086.0,화장품,DART,5086.0,
2026-04-28,090460,1205.7601516430368,906.0,2657.0,전자장비와기기,DART,2657.0,
2026-04-28,090710,-251.7984731049733,-148.0,,기계,DART,-276.97832041547065,10.0
2026-04-28,091580,150.92915865202994,151.0,,전기제품,DART,166.02207451723294,10.0
2026-04-28,091700,601.7301556,592.0,,핸드셋,DART,661.90317116,10.0
2026-04-28,091810,-819.0914263774235,-1326.0,,항공사,DART,-901.000569015166,10.0
2026-04-28,092460,1489.7637145171625,1490.0,,조선,DART,1638.740085968879,10.0
2026-04-28,092730,1735.893274945472,1736.0,,화장품,DART,1909.4826024400195,10.0
2026-04-28,092790,1385.961203522806,1386.0,,철강,DART,1524.5573238750867,10.0
2026-04-28,092870,686.8236622636916,687.0,,반도체와반도체장비,DART,755.5060284900609,10.0
2026-04-28,093050,4019.376897024624,3382.0,,"섬유,의류,신발,호화품",DART,4421.314586727087,10.0
2026-04-28,093320,4012.026929713115,3504.0,,IT서비스,DART,4413.229622684426,10.0
2026-04-28,093370,65.5276775429249,50.0,,화학,DART,72.08044529721741,10.0
2026-04-28,093520,1632.098264065502,1505.0,,반도체와반도체장비,DART,1795.3080904720523,10.0
2026-04-28,094170,48.82936470967677,49.0,,반도체와반도체장비,DART,53.712301180644445,10.0
2026-04-28,094360,277.6083204346229,280.0,,반도체와반도체장비,DART|DAILY_DISC,305.3691524780852,10.0
2026-04-28,094480,208.9705359986447,212.0,,IT서비스,DART,229.8675895985092,10.0
2026-04-28,094800,,,,,EMPTY,,
2026-04-28,095340,2658.0703091438445,2648.0,4009.0,반도체와반도체장비,DART|DAILY_DISC,4009.0,
2026-04-28,095500,438.54349850188646,446.0,,디스플레이장비및부품,DART,482.39784835207513,10.0
2026-04-28,095610,2939.9688314049586,2885.0,4008.0,반도체와반도체장비,DART,4008.0,
2026-04-28,095660,2061.9860445364047,2287.0,1992.0,게임엔터테인먼트,DART|DAILY_DISC,1992.0,
2026-04-28,095700,-597.602050737526,-598.0,,생물공학,DART,-657.3622558112787,10.0
2026-04-28,096530,927.6098085371052,924.0,,생명과학도구및서비스,DART,1020.3707893908158,10.0
2026-04-28,096770,-32158.24770071228,-21056.0,995.0,석유와가스,DART,995.0,
2026-04-28,097230,569.7303728085914,605.0,,건설,DART,626.7034100894506,10.0
2026-04-28,097520,2962.654793897078,2877.0,2797.0,핸드셋,DART,2797.0,
2026-04-28,097950,-27696.974648778752,-34884.0,22916.0,식품,DART|DAILY_DISC,22916.0,
2026-04-28,098070,2766.720677581554,2879.0,,에너지장비및서비스,DART,3043.3927453397096,10.0
2026-04-28,098120,2041.358993624986,2031.0,,반도체와반도체장비,DART,2245.4948929874845,10.0
2026-04-28,098460,214.93176354645792,215.0,547.0,전자장비와기기,DART|DAILY_DISC,547.0,
2026-04-28,099190,-233.1125394315639,-186.0,,건강관리장비와용품,DART|DAILY_DISC,-256.9254554923347,10.0
2026-04-28,099320,1286.2228875022622,1396.0,1756.0,우주항공과국방,DART,1756.0,
2026-04-28,099430,324.4003735063324,245.0,,건강관리장비와용품,DART,356.84041085696566,10.0
2026-04-28,099440,-314.9671561323577,-376.0,,기계,DART,-346.46387174559345,10.0
2026-04-28,100090,600.3835848861607,625.0,813.0,에너지장비및서비스,DART,813.0,
2026-04-28,100790,582.2234962597578,582.0,,창업투자,DART,640.4458458857337,10.0
2026-04-28,100840,4079.7811126880447,4080.0,,에너지장비및서비스,DART,4487.759223956849,10.0
2026-04-28,101160,2481.526472756666,2482.0,,반도체와반도체장비,DART,2729.679120032333,10.0
2026-04-28,101360,-483.3500891200855,-484.0,,화학,DART,-531.6850980320941,10.0
2026-04-28,101490,2722.9030879434563,2718.0,,반도체와반도체장비,DART,2995.1933967378022,10.0
2026-04-28,101730,-427.03465929725,-426.0,,게임엔터테인먼트,DART,-469.7381252269751,10.0
2026-04-28,101930,2769.102616062893,2707.0,,조선,DART,3046.0128776691827,10.0
2026-04-28,102710,3520.911929560222,3635.0,,반도체와반도체장비,DART,3873.003122516244,10.0
2026-04-28,102940,1906.7271927045683,2001.0,,제약,DART,2097.399911975025,10.0
2026-04-28,103140,5251.319385213064,5251.0,8676.0,비철금속,DART|DAILY_DISC,8676.0,
2026-04-28,103590,2178.643773281502,2179.0,3108.0,전기장비,DART,3108.0,
2026-04-28,104830,3862.7107169257615,3863.0,,화학,DART,4248.981788618338,10.0
2026-04-28,105560,15665.033853854356,15116.0,16924.0,은행,DART|DAILY_DISC,16924.0,
2026-04-28,105630,1431.3801308,1431.0,1579.0,"섬유,의류,신발,호화품",DART,1579.0,
2026-04-28,105840,547.0984810624195,430.0,,기계,DART,601.8083291686615,10.0
2026-04-28,107640,538.916831606057,444.0,,전기장비,DART,592.8085147666628,10.0
2026-04-28,108320,5080.641733366945,5081.0,,디스플레이장비및부품,DART|DAILY_DISC,5588.70590670364,10.0
2026-04-28,108490,361.92159125590814,377.0,658.0,기계,DART,658.0,
2026-04-28,108860,-161.3781731531251,-223.0,,건강관리장비와용품,DART,-177.51599046843762,10.0
2026-04-28,110990,1607.199672010582,1607.0,,디스플레이장비및부품,DART,1767.9196392116403,10.0
2026-04-28,111770,9619.42136579632,11109.0,13371.0,"섬유,의류,신발,호화품",DART,13371.0,
2026-04-28,112040,-796.5140476232767,-548.0,,게임엔터테인먼트,DART,-876.1654523856045,10.0
2026-04-28,112610,951.6662022603326,823.0,4496.0,에너지장비및서비스,DART|DAILY_DISC,4496.0,
2026-04-28,114090,761.0031827640053,761.0,868.0,"호텔,레스토랑,레저",DART,868.0,
2026-04-28,114190,-324.1277985738106,-234.0,,전자장비와기기,DART,-356.5405784311917,10.0
2026-04-28,114810,994.470417275116,988.0,,반도체와반도체장비,DART|DAILY_DISC,1093.9174590026278,10.0
2026-04-28,115180,-839.4166581571204,-845.0,,제약,DART,-923.3583239728324,10.0
2026-04-28,115450,-109.14284849209206,-104.0,,제약,DART,-120.05713334130128,10.0
2026-04-28,117730,-1942.163665663327,-2230.0,,기계,DART,-2136.38003222966,10.0
2026-04-28,119850,2432.7951909150934,2428.0,,전기장비,DART,2676.074710006603,10.0
2026-04-28,120110,1722.2155002038332,1264.0,4528.0,화학,DART|DAILY_DISC,4528.0,
2026-04-28,121600,133.89192765881722,134.0,,화학,DART,147.28112042469897,10.0
2026-04-28,122640,31.179537008764616,-27.0,,반도체와반도체장비,DART,34.29749070964108,10.0
2026-04-28,122870,2875.421160845493,1974.0,3421.0,방송과엔터테인먼트,DART,3421.0,
2026-04-28,124500,8545.071342544496,2010.0,,IT서비스,DART,9399.578476798946,10.0
2026-04-28,125490,100.20487564746512,117.0,,자동차부품,DART,110.22536321221163,10.0
2026-04-28,126340,-979.5357154056092,-888.0,,전기장비,DART,-1077.48928694617,10.0
2026-04-28,126720,3418.2857781744365,3423.0,,에너지장비및서비스,DART,3760.114355991881,10.0
2026-04-28,127120,-476.6943354093664,-601.0,,생명과학도구및서비스,DART,-524.3637689503031,10.0
2026-04-28,128940,14607.420576519022,13235.0,14682.0,제약,DART|DAILY_DISC,14682.0,
2026-04-28,130660,124.54195653374234,125.0,,전기유틸리티,DART,136.9961521871166,10.0
2026-04-28,131290,3620.138852584056,3456.0,,반도체와반도체장비,DART,3982.152737842462,10.0
2026-04-28,131970,78.13030501305981,78.0,2230.0,반도체와반도체장비,DART,2230.0,
2026-04-28,136480,364.7331201437699,363.0,,식품,DART,401.2064321581469,10.0
2026-04-28,137310,-4251.697128762084,-4193.0,,건강관리장비와용품,DART,-4676.8668416382925,10.0
2026-04-28,137400,2934.368050530148,2890.0,,전기제품,DART,3227.804855583164,10.0
2026-04-28,138080,-2203.752961522277,-2504.0,,통신장비,DART,-2424.1282576745048,10.0
2026-04-28,138610,408.3453493567309,416.0,,건강관리장비와용품,DART,449.179884292404,10.0
2026-04-28,138930,2694.438949970562,2570.0,2763.0,은행,DART,2763.0,
2026-04-28,139130,2848.1692618619904,2696.0,3056.0,은행,DART|DAILY_DISC,3056.0,
2026-04-28,139480,8926.67539046404,4921.0,8079.0,백화점과일반상점,DART,8079.0,
2026-04-28,140410,-1149.2718623848043,-1160.0,,식품,DART,-1264.1990486232849,10.0
2026-04-28,140860,4926.823154137937,4931.0,7798.0,전자장비와기기,DART,7798.0,
2026-04-28,141080,-2500.718270096277,-2029.0,865.0,제약,DART,865.0,
2026-04-28,144510,-17311.449380089445,-17269.0,,건강관리업체및서비스,DART,-19042.594318098392,10.0
2026-04-28,145020,11945.21272008942,11348.0,13420.0,생물공학,DART,13420.0,
2026-04-28,145720,1893.298227215534,1483.0,6556.0,건강관리장비와용품,DART,6556.0,
2026-04-28,145990,-29317.37433355224,-29380.0,,식품,DART,-32249.111766907467,10.0
2026-04-28,151860,3859.0686867815607,1717.0,,자동차,DART,4244.975555459717,10.0
2026-04-28,160190,-229.9128583268584,-229.0,,기계,DART,-252.90414415954424,10.0
2026-04-28,160980,1367.544243843715,1368.0,,반도체와반도체장비,DART,1504.2986682280866,10.0
2026-04-28,161000,-101.38283422896176,-61.0,,화학,DART,-111.52111765185794,10.0
2026-04-28,161390,7843.342059958813,8795.0,11517.0,자동차부품,DART,11517.0,
2026-04-28,161580,-1127.4324798301118,-736.0,,전자장비와기기,DART,-1240.175727813123,10.0
2026-04-28,161890,7126.452052285193,5299.0,6209.0,화장품,DART|DAILY_DISC,6209.0,
2026-04-28,166090,1940.3515812830165,1940.0,3248.0,반도체와반도체장비,DART,3248.0,
2026-04-28,168360,-177.9468308953413,-178.0,,전자장비와기기,DART,-195.74151398487544,10.0
2026-04-28,170900,-3866.3649482993055,-2913.0,,제약,DART|DAILY_DISC,-4253.001443129237,10.0
2026-04-28,170920,1721.8318352128704,480.0,,반도체와반도체장비,DART,1894.0150187341576,10.0
2026-04-28,171090,9554.342664768546,10110.0,9313.0,디스플레이장비및부품,DART,9313.0,
2026-04-28,174900,-898.6951772878084,-929.0,,생물공학,DART,-988.5646950165892,10.0
2026-04-28,175330,3877.960697948784,3688.0,3953.0,은행,DART|DAILY_DISC,3953.0,
2026-04-28,178320,-1728.8987235389534,-1800.0,,전기장비,DART,-1901.788595892849,10.0
2026-04-28,178920,1034.6942918830625,1035.0,1406.0,화학,DART|DAILY_DISC,1406.0,
2026-04-28,179900,-1889.2869399586025,-1957.0,,핸드셋,DART,-2078.215633954463,10.0
2026-04-28,180400,-300.566988936805,-587.0,,건강관리업체및서비스,DART,-330.6236878304855,10.0
2026-04-28,180640,2384.3059941078404,2303.0,,항공사,DART,2622.736593518625,10.0
2026-04-28,181710,1584.8642941368155,954.0,3160.0,IT서비스,DART|DAILY_DISC,3160.0,
2026-04-28,183190,450.1711315059365,452.0,,건축자재,DART,495.1882446565302,10.0
2026-04-28,183300,7383.571095733319,4766.0,,반도체와반도체장비,DART,8121.928205306652,10.0
2026-04-28,185750,5638.483010958662,5615.0,5216.0,제약,DART,5216.0,
2026-04-28,187660,-267.3649322228419,-315.0,,제약,DART,-294.1014254451261,10.0
2026-04-28,189300,695.1279118401617,695.0,3010.0,통신장비,DART,3010.0,
2026-04-28,192080,8492.266220913834,6106.0,8230.0,게임엔터테인먼트,DART,8230.0,
2026-04-28,192400,4083.512211102889,4094.0,,가정용기기와용품,DART,4491.863432213178,10.0
2026-04-28,192650,192.0530053708924,1.0,,핸드셋,DART,211.25830590798168,10.0
2026-04-28,192820,11549.061129252375,10843.0,12485.0,화장품,DART,12485.0,
2026-04-28,194370,2955.336888945347,2691.0,,"섬유,의류,신발,호화품",DART,3250.8705778398817,10.0
2026-04-28,195870,1401.223774764706,1401.0,4854.0,반도체와반도체장비,DART,4854.0,
2026-04-28,195940,2672.0827350871205,2672.0,3098.0,제약,DART|DAILY_DISC,3098.0,
2026-04-28,196170,2711.798253116258,2633.0,,생물공학,DART,2982.978078427884,10.0
2026-04-28,199800,-4087.722839738225,-4244.0,,생물공학,DART,-4496.495123712048,10.0
2026-04-28,200130,-769.6272657822775,-771.0,,건강관리업체및서비스,DART,-846.5899923605053,10.0
2026-04-28,200470,123.3683012546146,123.0,,반도체와반도체장비,DART,135.70513138007607,10.0
2026-04-28,200670,4611.392699242115,4611.0,,제약,DART,5072.531969166326,10.0
2026-04-28,200710,265.81155907882084,268.0,,반도체와반도체장비,DART,292.39271498670297,10.0
2026-04-28,204270,-1583.1111369314442,-1583.0,,핸드셋,DART,-1741.4222506245887,10.0
2026-04-28,204320,2615.200139212115,2130.0,4351.0,자동차부품,DART,4351.0,
2026-04-28,204620,504.392779098543,494.0,,기타금융,DART,554.8320570083973,10.0
2026-04-28,206650,1123.646185786046,1127.0,,생물공학,DART,1236.0108043646508,10.0
2026-04-28,207940,38546.45502083118,26572.0,39968.0,제약,DART,39968.0,
2026-04-28,211050,1440.2756782753663,1410.0,,손해보험,DART,1584.3032461029031,10.0
2026-04-28,213420,2172.965939394179,2142.0,2949.0,디스플레이장비및부품,DART,2949.0,
2026-04-28,214150,2022.977194849829,2014.0,2830.0,건강관리장비와용품,DART,2830.0,
2026-04-28,214320,2724.29292705,2294.0,2562.0,광고,DART,2562.0,
2026-04-28,214370,374.1701557293121,374.0,,건강관리업체및서비스,DART|DAILY_DISC,411.58717130224335,10.0
2026-04-28,214430,2570.517072509841,2636.0,,우주항공과국방,DART,2827.568779760825,10.0
2026-04-28,214450,16194.526982434823,14209.0,18767.0,건강관리장비와용품,DART|DAILY_DISC,18767.0,
2026-04-28,215000,2049.586797367186,4085.0,,"호텔,레스토랑,레저",DART,2254.545477103905,10.0
2026-04-28,215200,8966.069177333111,7903.0,,교육서비스,DART,9862.676095066425,10.0
2026-04-28,215600,-175.12483006205844,-175.0,,제약,DART,-192.6373130682643,10.0
2026-04-28,217590,-24.293163942812026,-22.0,,조선,DART,-26.72248033709323,10.0
2026-04-28,217730,-111.2908460316833,-140.0,,생물공학,DART,-122.41993063485164,10.0
2026-04-28,218410,1337.1457800084825,1082.0,1657.0,통신장비,DART|DAILY_DISC,1657.0,
2026-04-28,220100,-615.9001552563782,-502.0,,제약,DART,-677.4901707820161,10.0
2026-04-28,222080,369.3951190293502,371.0,,전기제품,DART,406.3346309322853,10.0
2026-04-28,222800,-4407.353560867756,-4955.0,2366.0,전자장비와기기,DART,2366.0,
2026-04-28,225570,-938.6532259389415,-939.0,,게임엔터테인먼트,DART,-1032.518548532836,10.0
2026-04-28,226590,1004.425075610604,1033.0,,반도체와반도체장비,DART,1104.8675831716646,10.0
2026-04-28,226950,-775.4778005636587,-774.0,,생명과학도구및서비스,DART,-853.0255806200246,10.0
2026-04-28,228760,-367.0689056712279,-369.0,,건강관리장비와용품,DART,-403.7757962383507,10.0
2026-04-28,229640,1582.8891834642025,1374.0,1518.0,전기장비,DART,1518.0,
2026-04-28,230240,-3.702004057404764,-23.0,,통신장비,DART,-4.0722044631452405,10.0
2026-04-28,230360,570.5787884146843,531.0,,"섬유,의류,신발,호화품",DART,627.6366672561527,10.0
2026-04-28,232140,353.2725159561145,235.0,,반도체와반도체장비,DART,388.599767551726,10.0
2026-04-28,234340,631.6666824378183,664.0,,IT서비스,DART,694.8333506816001,10.0
2026-04-28,236200,4642.320972781397,4474.0,,전자장비와기기,DART,5106.553070059537,10.0
2026-04-28,237690,2617.642286551857,2706.0,3094.0,제약,DART|DAILY_DISC,3094.0,
2026-04-28,240810,1711.9372024648162,1712.0,3131.0,반도체와반도체장비,DART,3131.0,
2026-04-28,241520,668.0718313909774,637.0,,창업투자,DART,734.8790145300752,10.0
2026-04-28,241560,2.951289519343403,4168.0,5316.0,기계,DART|DAILY_DISC,5316.0,
2026-04-28,241710,5415.586619194756,4255.0,6132.0,화장품,DART,6132.0,
2026-04-28,241770,1237.5476691024112,1238.0,,반도체와반도체장비,DART,1361.3024360126524,10.0
2026-04-28,243070,3526.296070883451,3561.0,,제약,DART,3878.9256779717966,10.0
2026-04-28,243840,-150.7493897736761,-128.0,,전기제품,DART,-165.82432875104374,10.0
2026-04-28,247540,936.1865336506634,403.0,302.0,전기제품,DART,302.0,
2026-04-28,248070,296.6923694914004,259.0,1085.0,전자장비와기기,DART,1085.0,
2026-04-28,249420,749.0210709491788,932.0,,제약,DART,823.9231780440967,10.0
2026-04-28,251270,2816.2225225896063,2618.0,4052.0,게임엔터테인먼트,DART,4052.0,
2026-04-28,251370,83.17366070314051,-101.0,,화학,DART,91.49102677345458,10.0
2026-04-28,251970,2329.722777580645,2778.0,3568.0,포장재,DART,3568.0,
2026-04-28,252990,250.1409859120103,258.0,,반도체와반도체장비,DART,275.15508450321136,10.0
2026-04-28,253450,343.31802111336367,343.0,1316.0,방송과엔터테인먼트,DART,1316.0,
2026-04-28,253590,121.77560436300998,122.0,,반도체와반도체장비,DART,133.953164799311,10.0
2026-04-28,255220,-22.471962206935725,-22.0,,건축자재,DART,-24.7191584276293,10.0
2026-04-28,257720,2755.916321197632,2609.0,3359.0,인터넷과카탈로그소매,DART,3359.0,
2026-04-28,259960,15476.990995967164,15438.0,21054.0,게임엔터테인먼트,DART,21054.0,
2026-04-28,263750,-130.9758782919679,-131.0,3844.0,게임엔터테인먼트,DART,3844.0,
2026-04-28,265520,1580.2951466900045,1565.0,,디스플레이장비및부품,DART,1738.324661359005,10.0
2026-04-28,267250,46529.16929374261,12187.0,19327.0,조선,DART|DAILY_DISC,19327.0,
2026-04-28,267260,20301.646477729784,20324.0,27050.0,전기장비,DART|DAILY_DISC,27050.0,
2026-04-28,267270,1814.20521373629,5613.0,9801.0,기계,DART,9801.0,
2026-04-28,268280,12260.5502104,12261.0,,화학,DART,13486.605231440002,10.0
2026-04-28,271560,9879.50877880517,9680.0,11854.0,식품,DART,11854.0,
2026-04-28,271940,-55.053591794056096,-55.0,,자동차부품,DART,-60.55895097346171,10.0
2026-04-28,272110,3184.8465623187394,3185.0,,반도체와반도체장비,DART,3503.331218550614,10.0
2026-04-28,272210,1107.0609349578194,1282.0,1603.0,우주항공과국방,DART|DAILY_DISC,1603.0,
2026-04-28,272290,2806.066114126895,2871.0,2836.0,디스플레이장비및부품,DART,2836.0,
2026-04-28,274090,-1127.618654114495,-1183.0,,우주항공과국방,DART,-1240.3805195259447,10.0
2026-04-28,277810,53.28059117752305,73.0,,기계,DART,58.60865029527536,10.0
2026-04-28,278280,-4990.732255801526,-5710.0,,전기제품,DART,-5489.805481381679,10.0
2026-04-28,278470,7736.888030059174,7704.0,13387.0,화장품,DART|DAILY_DISC,13387.0,
2026-04-28,279570,277.57048543082044,300.0,,은행,DART,305.3275339739025,10.0
2026-04-28,280360,7672.584649979676,7734.0,11712.0,식품,DART,11712.0,
2026-04-28,281740,118.71230515224065,117.0,,화학,DART,130.58353566746473,10.0
2026-04-28,281820,2580.537244971961,2578.0,,반도체와반도체장비,DART,2838.5909694691577,10.0
2026-04-28,282330,11297.393339503236,11297.0,12474.0,백화점과일반상점,DART,12474.0,
2026-04-28,284740,5986.431598946933,5327.0,,가정용기기와용품,DART,6585.074758841627,10.0
2026-04-28,285130,1577.992536519657,2304.0,,화학,DART,1735.791790171623,10.0
2026-04-28,287840,-705.8645347211682,-742.0,,제약,DART,-776.4509881932851,10.0
2026-04-28,290550,1158.53054862126,1159.0,,핸드셋,DART,1274.3836034833862,10.0
2026-04-28,290650,-5563.905327040061,-5781.0,,건강관리장비와용품,DART,-6120.295859744068,10.0
2026-04-28,293490,-1593.6024024147573,-1186.0,-111.0,게임엔터테인먼트,DART,-111.0,
2026-04-28,294570,2128.992216796879,2105.0,,IT서비스,DART,2341.891438476567,10.0
2026-04-28,294870,2399.5619063767263,2400.0,5108.0,건설,DART|DAILY_DISC,5108.0,
2026-04-28,295310,1048.5596299283022,1060.0,,비철금속,DART,1153.4155929211329,10.0
2026-04-28,298020,8825.910448595807,2499.0,37914.0,"섬유,의류,신발,호화품",DART|DAILY_DISC,37914.0,
2026-04-28,298040,53926.22440948344,55755.0,85605.0,전기장비,DART|DAILY_DISC,85605.0,
2026-04-28,298050,3494.08801396802,-4830.0,13489.0,화학,DART,13489.0,
2026-04-28,298380,-676.5353762502151,-693.0,-3830.0,생물공학,DART,-3830.0,
2026-04-28,298830,180.1835350446334,163.0,,소프트웨어,DART,198.2018885490968,10.0
2026-04-28,300720,1103.2930256952563,1061.0,,건축자재,DART,1213.622328264782,10.0
2026-04-28,302440,-715.9785644928857,-733.0,,제약,DART,-787.5764209421743,10.0
2026-04-28,304100,-952.7149054836664,-885.0,,IT서비스,DART,-1047.986396032033,10.0
2026-04-28,304360,-469.98942142543865,-684.0,,생물공학,DART,-516.9883635679826,10.0
2026-04-28,306200,10576.864998413426,10577.0,16782.0,철강,DART,16782.0,
2026-04-28,307950,6811.167028916516,6654.0,8097.0,IT서비스,DART|DAILY_DISC,8097.0,
2026-04-28,308430,-590.236775095059,-591.0,,제약,DART,-649.260452604565,10.0
2026-04-28,310210,-2320.7225704510624,-2323.0,,제약,DART,-2552.794827496169,10.0
2026-04-28,314930,28.61143569487043,29.0,,건강관리장비와용품,DART,31.47257926435748,10.0
2026-04-28,316140,4396.692703559761,4221.0,4486.0,은행,DART|DAILY_DISC,4486.0,
2026-04-28,317330,-5154.690951283671,-3746.0,,반도체와반도체장비,DART,-5670.160046412038,10.0
2026-04-28,317450,5577.754563972603,6713.0,,제약,DART,6135.530020369864,10.0
2026-04-28,318060,-1048.7144380229763,-1189.0,,건강관리장비와용품,DART,-1153.585881825274,10.0
2026-04-28,319400,101.4027367053339,99.0,,기계,DART,111.5430103758673,10.0
2026-04-28,319660,2711.583487826752,2712.0,3854.0,반도체와반도체장비,DART,3854.0,
2026-04-28,322000,3721.132036517857,3721.0,6027.0,에너지장비및서비스,DART,6027.0,
2026-04-28,322310,-685.5361083097689,-686.0,,반도체와반도체장비,DART,-754.0897191407458,10.0
2026-04-28,323280,-83.08275491699189,-85.0,,전자장비와기기,DART,-91.39103040869108,10.0
2026-04-28,323410,1006.62214978647,1007.0,1229.0,은행,DART,1229.0,
2026-04-28,326030,3233.8569478217287,3409.0,3458.0,제약,DART,3458.0,
2026-04-28,327260,1221.5327405626867,837.0,,우주항공과국방,DART|DAILY_DISC,1343.6860146189556,10.0
2026-04-28,328130,-1618.2511744949595,-1521.0,,건강관리기술,DART,-1780.0762919444555,10.0
2026-04-28,329180,13485.785488879346,15702.0,25210.0,조선,DART|DAILY_DISC,25210.0,
2026-04-28,330860,280.3844417843171,280.0,,반도체와반도체장비,DART,308.42288596274886,10.0
2026-04-28,332570,346.8059110398712,429.0,,핸드셋,DART,381.48650214385833,10.0
2026-04-28,336260,-2027.740013997677,-1623.0,-532.0,전기제품,DART,-532.0,
2026-04-28,336370,-1970.9441760571292,-736.0,-176.0,전자장비와기기,DART|DAILY_DISC,-176.0,
2026-04-28,336570,391.4794599182426,393.0,546.0,건강관리장비와용품,DART,546.0,
2026-04-28,338840,-2768.7729762412,-2810.0,,생물공학,DART,-3045.6502738653203,10.0
2026-04-28,340570,4684.409821235236,4684.0,,건강관리장비와용품,DART,5152.8508033587605,10.0
2026-04-28,344820,-5237.333611971864,-5237.0,,건축자재,DART,-5761.066973169051,10.0
2026-04-28,347700,3.399153147597664,5.0,,우주항공과국방,DART,3.739068462357431,10.0
2026-04-28,347850,-547.4293430254446,-547.0,,생물공학,DART,-602.1722773279891,10.0
2026-04-28,348210,-252.5287112108852,-235.0,2436.0,반도체와반도체장비,DART,2436.0,
2026-04-28,348340,-1778.9097711231643,-1956.0,,기계,DART,-1956.8007482354808,10.0
2026-04-28,348370,-3220.623633745108,-3152.0,,전기제품,DART,-3542.685997119619,10.0
2026-04-28,352480,1048.186336349765,1327.0,,화장품,DART,1153.0049699847416,10.0
2026-04-28,352820,-5901.903587443894,-5673.0,9772.0,방송과엔터테인먼트,DART,9772.0,
2026-04-28,353200,963.3405496193864,924.0,3113.0,전자장비와기기,DART,3113.0,
2026-04-28,354320,-958.65933794277,-205.0,,자동차부품,DART,-1054.525271737047,10.0
2026-04-28,356680,135.72801022383666,136.0,,소프트웨어,DART,149.30081124622035,10.0
2026-04-28,356860,1927.5419507293573,1937.0,3663.0,반도체와반도체장비,DART,3663.0,
2026-04-28,357550,696.2832445462878,696.0,,화학,DART,765.9115690009166,10.0
2026-04-28,357780,10797.519150959188,10164.0,20725.0,반도체와반도체장비,DART,20725.0,
2026-04-28,358570,-546.9519444342825,-581.0,,생물공학,DART,-601.6471388777107,10.0
2026-04-28,361390,-218.4523487613743,-260.0,,우주항공과국방,DART,-240.29758363751176,10.0
2026-04-28,361610,-2584.9789025408654,-2799.0,-2306.0,전기제품,DART,-2306.0,
2026-04-28,365270,-826.1434075365505,-1026.0,,제약,DART,-908.7577482902057,10.0
2026-04-28,365340,-6563.038083629675,-6364.0,-318.0,전기제품,DART,-318.0,
2026-04-28,368770,283.3454834499977,283.0,,전자장비와기기,DART,311.6800317949975,10.0
2026-04-28,372320,-3073.94594894222,-3232.0,,생물공학,DART,-3381.340543836442,10.0
2026-04-28,373220,345.3119658119658,-4585.0,-416.0,전기제품,DART,-416.0,
2026-04-28,375500,9567.184222811082,8625.0,8020.0,건설,DART|DAILY_DISC,8020.0,
2026-04-28,376270,-3301.288154483038,-3384.0,,건강관리업체및서비스,DART,-3631.416969931342,10.0
2026-04-28,376300,784.8114327895479,785.0,1808.0,양방향미디어와서비스,DART,1808.0,
2026-04-28,376900,-178.20640668861716,-196.0,,건강관리장비와용품,DART,-196.0270473574789,10.0
2026-04-28,377300,411.7767402043429,335.0,673.0,IT서비스,DART|DAILY_DISC,673.0,
2026-04-28,377740,-860.1325936106355,-857.0,,건강관리장비와용품,DART,-946.1458529716992,10.0
2026-04-28,378340,-732.874184742725,-716.0,,전기제품,DART,-806.1616032169976,10.0
2026-04-28,381970,1042.305827502218,1050.0,1179.0,자동차,DART,1179.0,
2026-04-28,383220,10459.855496040876,10404.0,10579.0,"섬유,의류,신발,호화품",DART|DAILY_DISC,10579.0,
2026-04-28,383310,630.3224054313978,630.0,,상업서비스와공급품,DART,693.3546459745376,10.0
2026-04-28,383800,1777.57962074019,1744.0,,무역회사와판매업체,DART,1955.337582814209,10.0
2026-04-28,388210,-2248.159868155967,-3670.0,7139.0,반도체와반도체장비,DART,7139.0,
2026-04-28,388720,-2094.0073090975607,-2138.0,,기계,DART,-2303.408040007317,10.0
2026-04-28,389020,-1030.3971874758656,-1104.0,,통신장비,DART,-1133.4369062234523,10.0
2026-04-28,389260,789.445728965064,807.0,,에너지장비및서비스,DART,868.3903018615704,10.0
2026-04-28,389470,-1198.3313724198003,-764.0,,제약,DART,-1318.1645096617806,10.0
2026-04-28,389500,-1420.421876547135,-1503.0,,기계,DART,-1562.4640642018487,10.0
2026-04-28,389650,-37.919043121759614,-38.0,-509.0,건강관리장비와용품,DART,-509.0,
2026-04-28,393890,-4788.733741079139,-4789.0,-1881.0,전기제품,DART,-1881.0,
2026-04-28,394280,-1146.7476199691323,-1208.0,,반도체와반도체장비,DART,-1261.4223819660456,10.0
2026-04-28,394800,-170.3731293533084,-171.0,,건강관리기술,DART,-187.41044228863925,10.0
2026-04-28,397030,-416.7487877756341,-429.0,-271.0,제약,DART,-271.0,
2026-04-28,399720,-1238.674407047331,-1239.0,,반도체와반도체장비,DART,-1362.541847752064,10.0
2026-04-28,402340,66829.3639178036,66468.0,187971.0,복합기업,DART,187971.0,
2026-04-28,402490,635.3949078432242,619.0,,반도체와반도체장비,DART,698.9343986275467,10.0
2026-04-28,403870,882.8945995868772,870.0,1271.0,반도체와반도체장비,DART,1271.0,
2026-04-28,415640,,,,,EMPTY,,
2026-04-28,416180,61.24965093169323,61.0,,전기제품,DART,67.37461602486256,10.0
2026-04-28,417200,-14.886340106750277,6.0,,전기제품,DART,-16.374974117425307,10.0
2026-04-28,418550,-232.49689245061623,-232.0,,건설,DART,-255.74658169567783,10.0
2026-04-28,419530,3016.4277619843742,3306.0,,방송과엔터테인먼트,DART,3318.070538182812,10.0
2026-04-28,420770,1219.0353690879867,1219.0,,반도체와반도체장비,DART,1340.9389059967857,10.0
2026-04-28,424870,-367.9616951542396,-358.0,,제약,DART,-404.7578646696636,10.0
2026-04-28,425420,1513.8339041745849,1574.0,,반도체와반도체장비,DART,1665.2172945920436,10.0
2026-04-28,437730,305.628149867191,328.0,,자동차부품,DART,336.1909648539101,10.0
2026-04-28,439260,6457.269960176826,7310.0,7809.0,조선,DART,7809.0,
2026-04-28,440110,-1522.0686285060565,-1530.0,,반도체와반도체장비,DART|DAILY_DISC,-1674.2754913566623,10.0
2026-04-28,441270,-370.4294987258498,-393.0,,핸드셋,DART,-407.4724485984348,10.0
2026-04-28,443060,6012.725498478146,6013.0,7713.0,조선,DART|DAILY_DISC,7713.0,
2026-04-28,445090,-2430.5919125420182,-2443.0,,반도체와반도체장비,DART,-2673.6511037962205,10.0
2026-04-28,445680,-1587.4902189174393,-1645.0,,생명과학도구및서비스,DART,-1746.2392408091837,10.0
2026-04-28,448280,60.23443203935969,60.0,,상업서비스와공급품,DART,66.25787524329566,10.0
2026-04-28,448900,-8.928861295750385,-9.0,,자동차부품,DART,-9.821747425325425,10.0
2026-04-28,450080,341.6123018697297,327.0,,전기제품,DART,375.7735320567027,10.0
2026-04-28,450950,244.77274657915925,250.0,444.0,건강관리장비와용품,DART,444.0,
2026-04-28,451760,-655.1799222299069,-485.0,,우주항공과국방,DART,-720.6979144528976,10.0
2026-04-28,452260,17.088213001150677,17.0,,백화점과일반상점,DART,18.797034301265747,10.0
2026-04-28,452280,464.2653236809755,518.0,,기계,DART,510.69185604907307,10.0
2026-04-28,453340,2699.4712250194725,2635.0,,식품,DART,2969.41834752142,10.0
2026-04-28,454910,-856.14561342043,-856.0,,기계,DART|DAILY_DISC,-941.7601747624732,10.0
2026-04-28,455900,-637.1730700024812,-642.0,,건강관리장비와용품,DART,-700.8903770027293,10.0
2026-04-28,456010,-480.5109405551231,-499.0,,통신장비,DART,-528.5620346106355,10.0
2026-04-28,456040,-7649.69452649792,-6994.0,,화학,DART,-8414.663979147714,10.0
2026-04-28,456160,-730.5622296862824,-855.0,,제약,DART,-803.6184526549107,10.0
2026-04-28,457190,25.4649809562713,25.0,,화학,DART,28.01147905189844,10.0
2026-04-28,458870,421.5892841884889,425.0,1141.0,건강관리기술,DART,1141.0,
2026-04-28,459510,-641.3466303426729,-701.0,,기계,DART,-705.4812933769402,10.0
2026-04-28,460860,165.93795865696467,166.0,562.0,철강,DART|DAILY_DISC,562.0,
2026-04-28,460930,602.5866977562886,604.0,,조선,DART,662.8453675319175,10.0
2026-04-28,462350,-3621.942802697623,-4135.0,,우주항공과국방,DART,-3984.1370829673856,10.0
2026-04-28,462870,3263.704743706945,3261.0,,게임엔터테인먼트,DART|DAILY_DISC,3590.07521807764,10.0
2026-04-28,464080,-986.348088445758,-1000.0,,전자장비와기기,DART,-1084.9828972903338,10.0
2026-04-28,466100,-138.30958782679625,-87.0,,기계,DART,-152.14054660947588,10.0
2026-04-28,468530,-823.7989096373868,-904.0,,생물공학,DART,-906.1788006011255,10.0
2026-04-28,472850,768.401487402168,600.0,,"섬유,의류,신발,호화품",DART,845.2416361423848,10.0
2026-04-28,474650,-1216.6586586872531,-1343.0,,기계,DART,-1338.3245245559783,10.0
2026-04-28,475150,901.8046132850426,910.0,1208.0,에너지장비및서비스,DART,1208.0,
2026-04-28,475400,-1427.0359132165177,-1439.0,,기계,DART,-1569.7395045381695,10.0
2026-04-28,475830,-1976.6599729243576,-2016.0,,제약,DART,-2174.3259702167934,10.0
2026-04-28,475960,-359.40475947813667,-365.0,,생명과학도구및서비스,DART,-395.3452354259504,10.0
2026-04-28,476060,351.63178863139774,359.0,,제약,DART,386.7949674945376,10.0
2026-04-28,476830,-7450.241896312589,-9379.0,,생물공학,DART,-8195.26608594385,10.0
2026-04-28,478340,-665.7992930389156,-783.0,,우주항공과국방,DART,-732.3792223428072,10.0
2026-04-28,482630,680.7407903224922,688.0,,반도체와반도체장비,DART,748.8148693547415,10.0
2026-04-28,483650,6378.543724798113,6599.0,9622.0,화장품,DART|DAILY_DISC,9622.0,
2026-04-28,484590,550.0936418068718,640.0,,우주항공과국방,DART,605.1030059875591,10.0
2026-04-28,484870,4980.139806749036,4980.0,,우주항공과국방,DART,5478.15378742394,10.0
2026-04-28,486990,-779.0428839659274,-978.0,,IT서비스,DART,-856.9471723625203,10.0
2026-04-28,488900,-227.6582010773372,,,우주항공과국방,DART,-250.42402118507093,10.0
2026-04-28,489790,844.1495923122128,903.0,3417.0,통신장비,DART,3417.0,
2026-04-28,490470,-1660.43124528926,-1978.0,,반도체와반도체장비,DART,-1826.4743698181865,10.0
2026-04-28,491000,-916.6493733456908,-1025.0,,건강관리장비와용품,DART,-1008.31431068026,10.0
2026-04-28,493280,59.345032488253,86.0,,제약,DART,65.2795357370783,10.0
2026-04-28,494120,-1032.533423830057,-1201.0,,생명과학도구및서비스,DART,-1135.7867662130627,10.0
2026-04-28,499790,1509.967729961629,977.0,2777.0,"호텔,레스토랑,레저",DART,2777.0,
2026-04-28,900290,6.134013271490415,958.0,,화학,DART,6.747414598639457,10.0
2026-04-28,950160,-1.5980598694416368,-2344.0,,생물공학,DART,-1.7578658563858007,10.0
2026-04-28,950210,0.0494923344097471,228.0,,제약,DART,0.0544415678507218,10.0
