run_id,run_type,as_of_date,status,started_at,finished_at,warning_count,error_count,code_version
20260428205028-00da58eb,daily,2026-04-28,running,2026-04-28T20:50:28,,0,0,pipeline-v1
20260428222851-ad81624e,daily,2026-04-28,running,2026-04-28T22:28:51,,0,0,pipeline-v1
20260428222851-ad81624e,daily,2026-04-28,failed,2026-04-28T22:28:51,2026-04-28T22:28:51,0,1,pipeline-v1
20260428223110-b2829383,daily,2026-04-28,running,2026-04-28T22:31:10,,0,0,pipeline-v1
20260428223110-b2829383,daily,2026-04-28,failed,2026-04-28T22:31:10,2026-04-28T22:31:10,0,1,pipeline-v1
20260428223424-cb03299b,daily,2026-04-28,running,2026-04-28T22:34:24,,0,0,pipeline-v1
20260428223424-cb03299b,daily,2026-04-28,failed,2026-04-28T22:34:24,2026-04-28T22:34:24,0,1,pipeline-v1
20260428223523-fdd3fce4,daily,2026-04-28,running,2026-04-28T22:35:23,,0,0,pipeline-v1
20260428223523-fdd3fce4,daily,2026-04-28,failed,2026-04-28T22:35:23,2026-04-28T22:35:23,0,1,pipeline-v1
20260430072551-f8aad192,daily,2026-04-30,running,2026-04-30T07:25:51,,0,0,pipeline-v1
20260430072551-f8aad192,daily,2026-04-30,failed,2026-04-30T07:25:51,2026-04-30T07:26:21,0,1,pipeline-v1
20260430072641-58a047e7,daily,2026-04-30,running,2026-04-30T07:26:41,,0,0,pipeline-v1
20260430073137-0a7aabee,daily,2026-04-30,running,2026-04-30T07:31:37,,0,0,pipeline-v1
20260430073219-6b6ffc56,daily,2026-04-30,running,2026-04-30T07:32:19,,0,0,pipeline-v1
20260430073219-6b6ffc56,daily,2026-04-30,failed,2026-04-30T07:32:19,2026-04-30T07:32:42,0,1,pipeline-v1
20260430072641-58a047e7,daily,2026-04-30,failed,2026-04-30T07:26:41,2026-04-30T07:33:47,0,1,pipeline-v1
20260430073457-a33d385f,daily,2026-04-30,running,2026-04-30T07:34:57,,0,0,pipeline-v1
20260430073457-a33d385f,daily,2026-04-30,success,2026-04-30T07:34:57,2026-04-30T07:35:19,0,0,pipeline-v1
20260430073137-0a7aabee,daily,2026-04-30,success,2026-04-30T07:31:37,2026-04-30T07:38:51,0,0,pipeline-v1
20260430203525-6fb852f7,daily,2026-04-30,running,2026-04-30T20:35:25,,0,0,pipeline-v1
20260430203525-6fb852f7,daily,2026-04-30,success,2026-04-30T20:35:25,2026-04-30T20:42:28,0,0,pipeline-v1
20260430205101-479948de,daily,2026-04-30,running,2026-04-30T20:51:01,,0,0,pipeline-v1
20260430205101-479948de,daily,2026-04-30,success,2026-04-30T20:51:01,2026-04-30T20:52:47,0,0,pipeline-v1
20260430205812-4a11df80,daily,2026-04-30,running,2026-04-30T20:58:12,,0,0,pipeline-v1
20260430205812-4a11df80,daily,2026-04-30,failed,2026-04-30T20:58:12,2026-04-30T20:59:51,0,1,pipeline-v1
20260430210044-9ff64f29,daily,2026-04-30,running,2026-04-30T21:00:44,,0,0,pipeline-v1
20260430210044-9ff64f29,daily,2026-04-30,success,2026-04-30T21:00:44,2026-04-30T21:02:15,0,0,pipeline-v1
20260430210044-9ff64f29,daily,2026-04-30,failed,2026-04-30T21:00:44,2026-04-30T21:02:15,0,1,pipeline-v1
20260430210234-0d22d4dd,daily,2026-04-30,running,2026-04-30T21:02:34,,0,0,pipeline-v1
20260430210234-0d22d4dd,daily,2026-04-30,success,2026-04-30T21:02:34,2026-04-30T21:04:04,0,0,pipeline-v1
20260430210639-39648be7,daily,2026-04-30,running,2026-04-30T21:06:39,,0,0,pipeline-v1
20260430210639-39648be7,daily,2026-04-30,success,2026-04-30T21:06:39,2026-04-30T21:08:10,0,0,pipeline-v1
20260430211003-803af325,daily,2026-04-30,running,2026-04-30T21:10:03,,0,0,pipeline-v1
20260430211003-803af325,daily,2026-04-30,success,2026-04-30T21:10:03,2026-04-30T21:11:31,0,0,pipeline-v1
20260430212227-d555df9c,daily,2026-04-30,running,2026-04-30T21:22:27,,0,0,pipeline-v1
20260430212227-d555df9c,daily,2026-04-30,success,2026-04-30T21:22:27,2026-04-30T21:24:11,0,0,pipeline-v1
20260430212604-350c1508,daily,2026-04-30,running,2026-04-30T21:26:04,,0,0,pipeline-v1
20260430212604-350c1508,daily,2026-04-30,success,2026-04-30T21:26:04,2026-04-30T21:27:48,0,0,pipeline-v1
20260430212901-00c97d0b,daily,2026-04-30,running,2026-04-30T21:29:01,,0,0,pipeline-v1
20260430212901-00c97d0b,daily,2026-04-30,success,2026-04-30T21:29:01,2026-04-30T21:30:43,0,0,pipeline-v1
20260430213249-b07ec587,daily,2026-04-30,running,2026-04-30T21:32:49,,0,0,pipeline-v1
20260430213249-b07ec587,daily,2026-04-30,failed,2026-04-30T21:32:49,2026-04-30T21:34:23,0,1,pipeline-v1
20260430213553-08041502,daily,2026-04-30,running,2026-04-30T21:35:53,,0,0,pipeline-v1
20260430213553-08041502,daily,2026-04-30,failed,2026-04-30T21:35:53,2026-04-30T21:37:35,0,1,pipeline-v1
20260430213820-574dc3c1,daily,2026-04-30,running,2026-04-30T21:38:20,,0,0,pipeline-v1
20260430213820-574dc3c1,daily,2026-04-30,failed,2026-04-30T21:38:20,2026-04-30T21:39:57,0,1,pipeline-v1
20260430230909-9439b75b,daily,2026-04-30,running,2026-04-30T23:09:09,,0,0,pipeline-v1
20260430230909-9439b75b,daily,2026-04-30,failed,2026-04-30T23:09:09,2026-04-30T23:11:03,0,1,pipeline-v1
20260505122541-9b5a9978,daily,2026-05-05,running,2026-05-05T12:25:41,,0,0,pipeline-v1
20260505122541-9b5a9978,daily,2026-05-05,success,2026-05-05T12:25:41,2026-05-05T12:26:11,0,0,pipeline-v1
20260505122710-7eb02f7b,daily,2026-05-05,running,2026-05-05T12:27:10,,0,0,pipeline-v1
20260505122732-edc8d6ab,daily,2026-05-05,running,2026-05-05T12:27:32,,0,0,pipeline-v1
20260505122710-7eb02f7b,daily,2026-05-05,success,2026-05-05T12:27:10,2026-05-05T12:27:41,0,0,pipeline-v1
20260505122850-d7c4e745,daily,2026-05-05,running,2026-05-05T12:28:50,,0,0,pipeline-v1
20260505122850-d7c4e745,daily,2026-05-05,success,2026-05-05T12:28:50,2026-05-05T12:29:11,0,0,pipeline-v1
20260505123155-861b3e26,daily,2026-05-05,running,2026-05-05T12:31:55,,0,0,pipeline-v1
20260505123155-861b3e26,daily,2026-05-05,success,2026-05-05T12:31:55,2026-05-05T12:32:18,0,0,pipeline-v1
20260505122732-edc8d6ab,daily,2026-05-05,success,2026-05-05T12:27:32,2026-05-05T12:34:46,0,0,pipeline-v1
20260506183451-1c6a64f3,daily,2026-05-06,running,2026-05-06T18:34:51,,0,0,pipeline-v1
20260506183451-1c6a64f3,daily,2026-05-06,success,2026-05-06T18:34:51,2026-05-06T18:41:38,0,0,pipeline-v1
20260508191255-35447d97,daily,2026-05-08,running,2026-05-08T19:12:55,,0,0,pipeline-v1
20260508191255-35447d97,daily,2026-05-08,failed,2026-05-08T19:12:55,2026-05-08T19:12:55,0,1,pipeline-v1
20260508191337-aace9c61,daily,2026-05-08,running,2026-05-08T19:13:37,,0,0,pipeline-v1
20260508191337-aace9c61,daily,2026-05-08,failed,2026-05-08T19:13:37,2026-05-08T19:13:40,0,1,pipeline-v1
20260508191449-9647e2cd,daily,2026-05-08,running,2026-05-08T19:14:49,,0,0,pipeline-v1
20260508191449-9647e2cd,daily,2026-05-08,failed,2026-05-08T19:14:49,2026-05-08T19:14:51,0,1,pipeline-v1
20260508191544-d378dccb,daily,2026-05-08,running,2026-05-08T19:15:44,,0,0,pipeline-v1
20260508191544-d378dccb,daily,2026-05-08,failed,2026-05-08T19:15:44,2026-05-08T19:15:45,0,1,pipeline-v1
20260508191651-f375fd40,daily,2026-05-08,running,2026-05-08T19:16:51,,0,0,pipeline-v1
20260508191651-f375fd40,daily,2026-05-08,failed,2026-05-08T19:16:51,2026-05-08T19:20:05,0,1,pipeline-v1
20260508192054-82b29fec,daily,2026-05-08,running,2026-05-08T19:20:54,,0,0,pipeline-v1
20260508192054-82b29fec,daily,2026-05-08,failed,2026-05-08T19:20:54,2026-05-08T19:24:07,0,1,pipeline-v1
20260508192452-aff8d183,daily,2026-05-08,running,2026-05-08T19:24:52,,0,0,pipeline-v1
20260508192452-aff8d183,daily,2026-05-08,failed,2026-05-08T19:24:52,2026-05-08T19:27:45,0,1,pipeline-v1
20260508194019-3dc1cd93,daily,2026-05-08,running,2026-05-08T19:40:19,,0,0,pipeline-v1
20260508194019-3dc1cd93,daily,2026-05-08,failed,2026-05-08T19:40:19,2026-05-08T19:43:35,0,1,pipeline-v1
20260509090335-1c12631e,daily,2026-05-09,running,2026-05-09T09:03:35,,0,0,pipeline-v1
20260509090335-1c12631e,daily,2026-05-09,failed,2026-05-09T09:03:35,2026-05-09T09:06:10,0,1,pipeline-v1
20260509091508-4d3dd6f9,daily,2026-05-09,running,2026-05-09T09:15:08,,0,0,pipeline-v1
20260509091508-4d3dd6f9,daily,2026-05-09,failed,2026-05-09T09:15:08,2026-05-09T09:18:35,0,1,pipeline-v1
20260509092005-6d285a1f,daily,2026-05-09,running,2026-05-09T09:20:05,,0,0,pipeline-v1
20260509092857-7317e51b,daily,2026-05-09,running,2026-05-09T09:28:57,,0,0,pipeline-v1
20260509092857-7317e51b,daily,2026-05-09,failed,2026-05-09T09:28:57,2026-05-09T09:32:11,0,1,pipeline-v1
20260509093259-54661e33,daily,2026-05-09,running,2026-05-09T09:32:59,,0,0,pipeline-v1
20260509093259-54661e33,daily,2026-05-09,failed,2026-05-09T09:32:59,2026-05-09T09:36:34,0,1,pipeline-v1
20260509093659-0b7fd1b9,daily,2026-05-09,running,2026-05-09T09:36:59,,0,0,pipeline-v1
20260509093659-0b7fd1b9,daily,2026-05-09,failed,2026-05-09T09:36:59,2026-05-09T09:40:21,0,1,pipeline-v1
20260509094132-6023e7d3,daily,2026-05-09,running,2026-05-09T09:41:32,,0,0,pipeline-v1
20260509094132-6023e7d3,daily,2026-05-09,failed,2026-05-09T09:41:32,2026-05-09T09:45:07,0,1,pipeline-v1
20260509094844-2532922f,daily,2026-05-09,running,2026-05-09T09:48:44,,0,0,pipeline-v1
20260509094844-2532922f,daily,2026-05-09,failed,2026-05-09T09:48:44,2026-05-09T09:52:09,0,1,pipeline-v1
20260509095406-db84ac62,daily,2026-05-09,running,2026-05-09T09:54:06,,0,0,pipeline-v1
20260509095406-db84ac62,daily,2026-05-09,success,2026-05-09T09:54:06,2026-05-09T09:57:24,0,0,pipeline-v1
