날짜,추천순위,종목명,종목코드,시장,결합액션,투자사유약,거래량비율20일,20일돌파,200일선상단여부,RSI14,종합지수,주의사항
2026-05-09,1,현대지에프홀딩스,005440,KS,진입_관심,상승잠재 41827571513% | 200일선상단 | 거래량상승1.7x | MACD+,1.6771876208410612,0,1,,100.0,EPS스크래핑
2026-05-09,2,한국타이어앤테크놀로지,161390,KS,진입_관심,상승잠재 18774773598% | 200일선상단 | 거래량상승1.7x | MACD+,1.7445230094451851,0,1,,100.0,EPS스크래핑
2026-05-09,3,메가스터디교육,215200,KQ,진입_관심,상승잠재 2360260057% | 200일선상단 | 거래량상승1.5x | MACD+,1.5379145093148554,0,1,,100.0,EPS스크래핑
2026-05-09,4,AP시스템,265520,KQ,추천_매수진입,상승잠재 945088882% | 200일선상단 | 20일돌파 | 거래량상승5.1x | MACD+,5.081586947422486,1,1,,100.0,EPS스크래핑
2026-05-09,5,원익IPS,240810,KQ,추천_매수진입,상승잠재 758722755% | 200일선상단 | 20일돌파 | MACD+,0.9078822107049226,1,1,,100.0,EPS스크래핑
2026-05-09,6,롯데웰푸드,280360,KS,추천_매수진입,상승잠재 671380448% | 200일선상단 | 20일돌파 | 거래량상승3.0x | MACD+,2.957753523439216,1,1,,100.0,EPS스크래핑
2026-05-09,8,F&F홀딩스,007700,KS,추천_매수진입,상승잠재 451% | 200일선상단 | 20일돌파 | MACD+,1.1987749099794711,1,1,,100.0,EPS스크래핑
2026-05-09,9,솔브레인홀딩스,036830,KQ,진입_관심,상승잠재 337% | 200일선상단 | 거래량상승1.8x | MACD+,1.7760945536331358,0,1,,100.0,EPS스크래핑
2026-05-09,10,한화3우B,00088K,KS,진입_관심,상승잠재 147% | 200일선상단 | MACD+,1.4100216872386973,0,1,,100.0,EPS스크래핑
2026-05-09,11,한화,000880,KS,추천_매수진입,상승잠재 140% | 200일선상단 | 20일돌파 | MACD+,1.022788656719772,1,1,,100.0,EPS스크래핑
2026-05-09,12,INVENI,015360,KS,추천_매수진입,상승잠재 119% | 200일선상단 | 20일돌파 | 거래량상승4.7x | MACD+,4.712936387381611,1,1,,100.0,EPS스크래핑
2026-05-09,13,HD현대,267250,KS,진입_관심,상승잠재 93% | 200일선상단 | MACD+,1.1269446205398197,0,1,,100.0,EPS스크래핑
2026-05-09,14,현대차3우B,005389,KS,추천_매수진입,상승잠재 88% | 200일선상단 | 20일돌파 | 거래량상승4.1x | MACD+,4.084314088187011,1,1,,100.0,EPS스크래핑
2026-05-09,15,현대차2우B,005387,KS,추천_매수진입,상승잠재 80% | 200일선상단 | 20일돌파 | 거래량상승2.3x | MACD+,2.251050102194031,1,1,,100.0,EPS스크래핑
2026-05-09,16,화신,010690,KS,추천_매수진입,상승잠재 78% | 200일선상단 | 20일돌파 | 거래량상승3.1x | MACD+,3.0886254688313968,1,1,,100.0,EPS스크래핑
2026-05-09,17,DB증권,016610,KS,진입_관심,상승잠재 77% | 200일선상단 | MACD+,1.3676101607827988,0,1,,100.0,EPS스크래핑
2026-05-09,18,에이스침대,003800,KQ,추천_매수진입,상승잠재 73% | 200일선상단 | 20일돌파 | MACD+,0.6276258537924608,1,1,,100.0,EPS스크래핑
2026-05-09,19,GS,078930,KS,진입_관심,상승잠재 69% | 200일선상단 | MACD+,1.0617729787786616,0,1,,100.0,EPS스크래핑
2026-05-09,20,현대그린푸드,453340,KS,추천_매수진입,상승잠재 68% | 200일선상단 | 20일돌파 | 거래량상승3.1x | MACD+,3.052296079918299,1,1,,100.0,EPS스크래핑
2026-05-09,21,일진홀딩스,015860,KS,추천_매수진입,상승잠재 59% | 200일선상단 | 20일돌파 | 거래량상승1.7x | MACD+,1.7098585083641162,1,1,,100.0,EPS스크래핑
2026-05-09,22,F&F,383220,KS,추천_매수진입,상승잠재 51% | 200일선상단 | 20일돌파 | 거래량상승1.9x | MACD+,1.9400250290770864,1,1,,100.0,EPS스크래핑
2026-05-09,23,기아,000270,KS,추천_매수진입,상승잠재 41% | 200일선상단 | 20일돌파 | 거래량상승3.0x | MACD+,2.9571023160769374,1,1,,100.0,EPS스크래핑
2026-05-09,24,휴온스,243070,KQ,추천_매수진입,상승잠재 40% | 200일선상단 | 20일돌파 | 거래량상승3.4x | MACD+,3.3539232461186623,1,1,,100.0,EPS스크래핑
2026-05-09,25,한일홀딩스,003300,KS,추천_매수진입,상승잠재 34% | 200일선상단 | 20일돌파 | 거래량상승3.1x | MACD+,3.143984049930652,1,1,,100.0,EPS스크래핑
2026-05-09,26,현대홈쇼핑,057050,KS,진입_관심,상승잠재 34% | 200일선상단 | 거래량상승1.5x | MACD+,1.53827830431101,0,1,,100.0,EPS스크래핑
2026-05-09,27,에스엘,005850,KS,추천_매수진입,상승잠재 21% | 200일선상단 | 20일돌파 | 거래량상승3.6x | MACD+,3.627495284592516,1,1,,100.0,EPS스크래핑
2026-05-09,28,휴온스글로벌,084110,KQ,진입_관심,상승잠재 20% | 200일선상단 | 거래량상승2.0x | MACD+,2.037373360559177,0,1,,99.60139478323364,EPS스크래핑
2026-05-09,29,케이씨,029460,KS,추천_매수진입,상승잠재 19% | 200일선상단 | 20일돌파 | MACD+,1.0309066744664583,1,1,,98.45217297334392,EPS스크래핑
2026-05-09,30,이노션,214320,KS,추천_매수진입,상승잠재 6473567251% | 200일선상단 | 20일돌파 | MACD+,0.9856324188106224,1,1,,97.5,EPS스크래핑
2026-05-09,31,대신증권,003540,KS,진입_관심,상승잠재 5701572511% | 200일선상단 | MACD+,0.9718242495348942,0,1,,97.5,EPS스크래핑
2026-05-09,32,롯데렌탈,089860,KS,진입_관심,상승잠재 4573171310% | 200일선상단 | 거래량상승1.7x,1.7339467632161432,0,1,,97.5,EPS스크래핑
2026-05-09,33,한국콜마,161890,KS,추천_매수진입,상승잠재 2156672329% | 200일선상단 | 20일돌파 | 거래량상승2.6x,2.591298910820011,1,1,,97.5,EPS스크래핑
2026-05-09,34,네오팜,092730,KQ,진입_관심,상승잠재 1656945507% | 200일선상단 | MACD+,0.77460385493727,0,1,,97.5,EPS스크래핑
2026-05-09,35,KG케미칼,001390,KS,진입_관심,상승잠재 613% | 200일선상단 | MACD+,0.5712681176031735,0,1,,97.5,EPS스크래핑
2026-05-09,36,KCC,002380,KS,진입_관심,상승잠재 243% | 200일선상단 | MACD+,0.7863871830220998,0,1,,97.5,EPS스크래핑
2026-05-09,37,성우하이텍,015750,KQ,진입_관심,상승잠재 193% | 200일선상단 | 거래량상승1.9x,1.862462628893129,0,1,,97.5,EPS스크래핑
2026-05-09,38,제이에스코퍼레이션,194370,KS,진입_관심,상승잠재 146% | 200일선상단 | MACD+,0.5415619112926556,0,1,,97.5,EPS스크래핑
2026-05-09,39,LX홀딩스,383800,KS,진입_관심,상승잠재 137% | 200일선상단 | MACD+,0.6423306368814996,0,1,,97.5,EPS스크래핑
2026-05-09,40,KG스틸,016380,KS,추천_매수진입,상승잠재 127% | 200일선상단 | 20일돌파 | MACD+,0.6609080314948349,1,1,,97.5,EPS스크래핑
2026-05-09,41,E1,017940,KS,진입_관심,상승잠재 95% | 200일선상단 | MACD+,0.4295127472645933,0,1,,97.5,EPS스크래핑
2026-05-09,42,세방전지,004490,KS,진입_관심,상승잠재 90% | 200일선상단 | MACD+,0.8735794065293508,0,1,,97.5,EPS스크래핑
2026-05-09,43,미래에셋증권2우B,00680K,KS,진입_관심,상승잠재 82% | 200일선상단 | MACD+,0.9049514713604196,0,1,,97.5,EPS스크래핑
2026-05-09,44,아이티센글로벌,124500,KQ,진입_관심,상승잠재 76% | 200일선상단 | MACD+,0.7078930854661047,0,1,,97.5,EPS스크래핑
2026-05-09,45,NICE,034310,KS,진입_관심,상승잠재 74% | 200일선상단 | MACD+,0.5233960329291567,0,1,,97.5,EPS스크래핑
2026-05-09,46,한국금융지주,071050,KS,진입_관심,상승잠재 62% | 200일선상단 | MACD+,0.5905016347793847,0,1,,97.5,EPS스크래핑
2026-05-09,47,한국단자,025540,KS,진입_관심,상승잠재 40% | 200일선상단 | MACD+,0.6887947151938177,0,1,,97.5,EPS스크래핑
2026-05-09,48,하나금융지주,086790,KS,진입_관심,상승잠재 40% | 200일선상단 | MACD+,0.8484383543139234,0,1,,97.5,EPS스크래핑
2026-05-09,49,영원무역,111770,KS,진입_관심,상승잠재 37% | 200일선상단 | MACD+,1.1007606223046564,0,1,,97.5,EPS스크래핑
2026-05-09,50,DN오토모티브,007340,KS,추천_매수진입,상승잠재 30% | 200일선상단 | 20일돌파 | MACD+,0.9468877186723268,1,1,,97.5,EPS스크래핑
2026-05-09,51,유진투자증권,001200,KS,진입_관심,상승잠재 30% | 200일선상단 | MACD+,0.6754171515562671,0,1,,97.5,EPS스크래핑
2026-05-09,52,수산인더스트리,126720,KS,진입_관심,상승잠재 22% | 200일선상단 | MACD+,0.6554070692344074,0,1,,97.5,EPS스크래핑
2026-05-09,53,명신산업,009900,KS,진입_관심,상승잠재 22% | 200일선상단 | MACD+,0.9091695724109448,0,1,,97.5,EPS스크래핑
2026-05-09,54,KB금융,105560,KS,추천_매수진입,상승잠재 16% | 200일선상단 | 20일돌파,1.0979816420269717,1,1,,95.31571293000331,EPS스크래핑
2026-05-09,57,하이록코리아,013030,KQ,진입_관심,상승잠재 1400610478% | 200일선상단,1.2335899376720785,0,1,,95.0,EPS스크래핑
2026-05-09,58,현대해상,001450,KS,진입_관심,상승잠재 341% | 200일선상단 | MACD+,0.9538439917907164,0,1,,95.0,EPS스크래핑
2026-05-09,59,인화정공,101930,KQ,진입_관심,상승잠재 135% | 200일선상단 | MACD+,1.362607422669233,0,1,,95.0,EPS스크래핑
2026-05-09,60,서희건설,035890,KQ,진입_관심,상승잠재 126% | 200일선상단 | MACD+,1.2137858158027828,0,1,,95.0,EPS스크래핑
2026-05-09,61,SK디스커버리,006120,KS,진입_관심,상승잠재 69% | 200일선상단 | MACD+,0.7966286690388672,0,1,,95.0,EPS스크래핑
2026-05-09,62,서부T&D,006730,KQ,진입_관심,상승잠재 52% | 200일선상단 | MACD+,0.7415404191770235,0,1,,95.0,EPS스크래핑
2026-05-09,63,HDC,012630,KS,진입_관심,상승잠재 17977701599% | 200일선상단,0.6333366038676675,0,1,,92.5,EPS스크래핑
2026-05-09,65,한라IMS,092460,KQ,진입_관심,상승잠재 1626981630% | 200일선상단,0.4483103111691512,0,1,,92.5,EPS스크래핑
2026-05-09,66,성광벤드,014620,KQ,진입_관심,상승잠재 999239273% | 200일선상단,1.0126377399809132,0,1,,92.5,EPS스크래핑
2026-05-09,67,코오롱인더,120110,KS,진입_관심,상승잠재 673429982% | 200일선상단,0.7013618185612905,0,1,,92.5,EPS스크래핑
2026-05-09,68,KG에코솔루션,151860,KQ,진입_관심,상승잠재 578% | 200일선상단,1.0775573280647102,0,1,,92.5,EPS스크래핑
2026-05-09,69,농심홀딩스,072710,KS,진입_관심,상승잠재 208% | 200일선상단,0.676579854278062,0,1,,92.5,EPS스크래핑
2026-05-09,70,삼천리,004690,KS,진입_관심,상승잠재 167% | 200일선상단 | MACD+,0.882950456441481,0,1,,92.5,EPS스크래핑
2026-05-09,71,삼지전자,037460,KQ,진입_관심,상승잠재 140% | 200일선상단 | MACD+,0.558862459255463,0,1,,92.5,EPS스크래핑
2026-05-09,72,코리안리,003690,KS,진입_관심,상승잠재 81% | 200일선상단 | MACD+,0.9792032194733788,0,1,,92.5,EPS스크래핑
2026-05-09,73,iM금융지주,139130,KS,진입_관심,상승잠재 79% | 200일선상단,0.6861446102639269,0,1,,92.5,EPS스크래핑
2026-05-09,74,더블유게임즈,192080,KS,진입_관심,상승잠재 74% | 200일선상단 | MACD+,0.5120585134111351,0,1,,92.5,EPS스크래핑
2026-05-09,75,케이프,064820,KQ,진입_관심,상승잠재 64% | 200일선상단 | MACD+,0.2867796204691157,0,1,,92.5,EPS스크래핑
2026-05-09,76,인터플렉스,051370,KQ,진입_관심,상승잠재 27% | 200일선상단,0.5104505563209873,0,1,,92.5,EPS스크래핑
2026-05-09,77,IPARK현대산업개발,294870,KS,진입_관심,상승잠재 24% | 200일선상단,0.5700654395959921,0,1,,92.5,EPS스크래핑
2026-05-09,78,팬오션,028670,KS,추천_매수진입,상승잠재 13% | 200일선상단 | 20일돌파 | MACD+,1.113316493892011,1,1,,91.42924511154314,EPS스크래핑
2026-05-09,79,SK가스,018670,KS,진입_관심,상승잠재 15% | 200일선상단 | MACD+,0.6099225160961907,0,1,,91.28309481401816,EPS스크래핑
2026-05-09,81,태광,023160,KQ,진입_관심,상승잠재 1960531394% | 200일선상단 | 거래량상승1.6x,1.6142520545390249,0,1,,90.0,EPS스크래핑
2026-05-09,82,오리온홀딩스,001800,KS,진입_관심,상승잠재 165% | 200일선상단,0.9098358871814872,0,1,,90.0,EPS스크래핑
2026-05-09,83,LF,093050,KS,진입_관심,상승잠재 94% | 200일선상단 | 거래량상승1.6x,1.5806482887890638,0,1,,90.0,EPS스크래핑
2026-05-09,85,BGF,027410,KS,진입_관심,상승잠재 40% | 200일선상단,0.9547454403822636,0,1,,90.0,EPS스크래핑
2026-05-09,86,바텍,043150,KQ,진입_관심,상승잠재 37% | 200일선상단 | 거래량상승1.9x,1.9337474057854929,0,1,,90.0,EPS스크래핑
2026-05-09,87,유니드,014830,KS,진입_관심,상승잠재 37% | 200일선상단,0.7594859787350002,0,1,,90.0,EPS스크래핑
2026-05-09,88,DL이앤씨,375500,KS,진입_관심,상승잠재 20% | 200일선상단,0.5621823976407121,0,1,,90.0,EPS스크래핑
2026-05-09,89,효성,004800,KS,진입_관심,상승잠재 15% | 200일선상단 | MACD+,1.2547108670658789,0,1,,88.81570480614769,EPS스크래핑
2026-05-09,90,키움증권,039490,KS,진입_관심,상승잠재 13% | 200일선상단 | MACD+,0.5963868242802552,0,1,,88.41820130246666,EPS스크래핑
2026-05-09,91,현대글로비스,086280,KS,추천_매수진입,상승잠재 11% | 200일선상단 | 20일돌파 | 거래량상승4.9x | MACD+,4.92481735949545,1,1,,88.2228886888446,EPS스크래핑
2026-05-09,92,한전기술,052690,KS,진입_관심,상승잠재 590099501% | 200일선상단,1.493763790794878,0,1,,87.5,EPS스크래핑
2026-05-09,93,다우기술,023590,KS,진입_관심,상승잠재 563% | 200일선상단 | MACD+,0.804681832790985,0,1,,87.5,EPS스크래핑
2026-05-09,94,한화손해보험,000370,KS,진입_관심,상승잠재 353% | 200일선상단 | MACD+,0.798738879560621,0,1,,87.5,EPS스크래핑
2026-05-09,95,한국캐피탈,023760,KQ,진입_관심,상승잠재 305% | 200일선상단 | 거래량상승1.7x,1.6635318891078956,0,1,,87.5,EPS스크래핑
2026-05-09,96,영원무역홀딩스,009970,KS,진입_관심,상승잠재 158% | 200일선상단 | MACD+,0.9526937062269006,0,1,,87.5,EPS스크래핑
2026-05-09,97,넥센타이어,002350,KS,진입_관심,상승잠재 157% | 200일선상단 | 거래량상승1.7x,1.6974504337541954,0,1,,87.5,EPS스크래핑
2026-05-09,98,이지홀딩스,035810,KQ,진입_관심,상승잠재 133% | 200일선상단 | MACD+,0.6385285435788666,0,1,,87.5,EPS스크래핑
2026-05-09,99,KG이니시스,035600,KQ,진입_관심,상승잠재 126% | 200일선상단,1.0554517549713065,0,1,,87.5,EPS스크래핑
2026-05-09,102,세아제강지주,003030,KS,진입_관심,상승잠재 38% | 200일선상단,1.1228805000690998,0,1,,87.5,EPS스크래핑
2026-05-09,103,CJ대한통운,000120,KS,진입_관심,상승잠재 35% | 200일선상단 | MACD+,0.6462326626705397,0,1,,87.5,EPS스크래핑
2026-05-09,104,신한지주,055550,KS,진입_관심,상승잠재 31% | 200일선상단,1.1606870094448811,0,1,,87.5,EPS스크래핑
2026-05-09,105,선익시스템,171090,KQ,진입_관심,상승잠재 24% | 200일선상단,0.3480786301105102,0,1,,87.5,EPS스크래핑
2026-05-09,106,HD한국조선해양,009540,KS,진입_관심,200일선상단 | MACD+,1.3080738408496264,0,1,,87.31380542047603,EPS스크래핑
2026-05-09,107,미코,059090,KQ,진입_관심,상승잠재 11% | 200일선상단 | MACD+,0.4482743458359153,0,1,,86.23381494694846,EPS스크래핑
2026-05-09,108,삼성화재,000810,KS,추천_매수진입,200일선상단 | 20일돌파 | MACD+,1.022543762626426,1,1,,86.02130206984336,EPS스크래핑
2026-05-09,111,코스메카코리아,241710,KQ,진입_관심,상승잠재 903725917% | 200일선상단,1.0213164147011586,0,1,,85.0,EPS스크래핑
2026-05-09,112,금호타이어,073240,KS,진입_관심,상승잠재 181% | 200일선상단,1.2055872459511294,0,1,,85.0,EPS스크래핑
2026-05-09,113,대한해운,005880,KS,진입_관심,상승잠재 153% | 200일선상단,0.2191989594006249,0,1,,85.0,EPS스크래핑
2026-05-09,114,한화생명,088350,KS,진입_관심,상승잠재 141% | 200일선상단,1.0555861129803965,0,1,,85.0,EPS스크래핑
2026-05-09,115,태영건설,009410,KS,진입_관심,상승잠재 97% | 200일선상단,0.4139890371979451,0,1,,85.0,EPS스크래핑
2026-05-09,116,DB손해보험,005830,KS,진입_관심,상승잠재 88% | 200일선상단,1.062627688897262,0,1,,85.0,EPS스크래핑
2026-05-09,117,JB금융지주,175330,KS,진입_관심,상승잠재 79% | 200일선상단,1.0469606071374065,0,1,,85.0,EPS스크래핑
2026-05-09,118,우리금융지주,316140,KS,진입_관심,상승잠재 61% | 200일선상단,1.2308469868515086,0,1,,85.0,EPS스크래핑
2026-05-09,120,유비쿼스홀딩스,078070,KQ,진입_관심,상승잠재 48% | 200일선상단,0.3504182057020447,0,1,,85.0,EPS스크래핑
2026-05-09,121,풍산홀딩스,005810,KS,진입_관심,상승잠재 42% | 200일선상단,0.219877606405345,0,1,,85.0,EPS스크래핑
2026-05-09,124,에스에이엠티,031330,KQ,추천_매수진입,200일선상단 | 20일돌파 | 거래량상승2.5x | MACD+,2.4947413553651585,1,1,,82.88501377555664,EPS스크래핑
2026-05-09,126,다우데이타,032190,KQ,진입_관심,상승잠재 1476% | 200일선상단,0.9412935080194202,0,1,,82.5,EPS스크래핑
2026-05-09,127,하림지주,003380,KQ,진입_관심,상승잠재 329% | 200일선상단,0.976899069885808,0,1,,82.5,EPS스크래핑
2026-05-09,128,기업은행,024110,KS,진입_관심,상승잠재 88% | 200일선상단,0.9466011114531924,0,1,,82.5,EPS스크래핑
2026-05-09,129,BNK금융지주,138930,KS,진입_관심,상승잠재 81% | 200일선상단,0.8876630749571057,0,1,,82.5,EPS스크래핑
2026-05-09,130,세아홀딩스,058650,KS,진입_관심,상승잠재 55% | 200일선상단,0.6550212450259661,0,1,,82.5,EPS스크래핑
2026-05-09,131,KT,030200,KS,진입_관심,상승잠재 47% | 200일선상단,0.58235545780798,0,1,,82.5,EPS스크래핑
2026-05-09,132,하림,136480,KQ,진입_관심,상승잠재 38% | 200일선상단,0.8360520576626044,0,1,,82.5,EPS스크래핑
2026-05-09,133,SK,034730,KS,추천_매수진입,200일선상단 | 20일돌파 | MACD+,0.9006883816718689,1,1,,81.23467544438248,EPS스크래핑
2026-05-09,151,교보증권,030610,KS,진입_관심,200일선상단 | MACD+,1.066924132688234,0,1,,76.838612446726,EPS스크래핑
2026-05-09,152,슈프리마,236200,KQ,진입_관심,200일선상단,0.503101505705942,0,1,,76.15607407240107,EPS스크래핑
2026-05-09,153,글로벌텍스프리,204620,KQ,추천_매수진입,200일선상단 | 20일돌파 | MACD+,0.9190281695666392,1,1,,76.09819477463574,EPS스크래핑
2026-05-09,154,비츠로테크,042370,KQ,진입_관심,200일선상단 | MACD+,0.4618114215665054,0,1,,75.79183293365101,EPS스크래핑
2026-05-09,165,동양생명,082640,KS,진입_관심,상승잠재 14% | 200일선상단,0.2646716438021681,0,1,,74.6749874117624,EPS스크래핑
2026-05-09,166,경동나비엔,009450,KS,진입_관심,200일선상단 | MACD+,0.9135673525997874,0,1,,74.01377121356549,EPS스크래핑
2026-05-09,167,현대차,005380,KS,진입_관심,200일선상단 | 20일돌파 | 거래량상승3.8x | MACD+,3.79332882592793,1,1,,73.8654773852704,EPS스크래핑
2026-05-09,168,삼성증권,016360,KS,진입_관심,200일선상단 | MACD+,1.4707175804857189,0,1,,73.31415554890809,EPS스크래핑
2026-05-09,169,한국정보통신,025770,KQ,진입_관심,200일선상단,0.2640225821071088,0,1,,73.07588570137685,EPS스크래핑
2026-05-09,176,BGF리테일,282330,KS,진입_관심,200일선상단 | 거래량상승2.5x,2.527617459759289,0,1,,69.76616168293546,EPS스크래핑
2026-05-09,177,LX세미콘,108320,KS,진입_관심,200일선상단 | MACD+,0.714625726744186,0,1,,69.63081089824388,EPS스크래핑
2026-05-09,179,현대모비스,012330,KS,진입_관심,200일선상단 | 20일돌파 | 거래량상승4.5x | MACD+,4.480628807632604,1,1,,69.02903056217352,EPS스크래핑
2026-05-09,180,이마트,139480,KS,진입_관심,200일선상단 | 20일돌파 | 거래량상승1.6x | MACD+,1.6333590637517814,1,1,,68.6006473489465,EPS스크래핑
2026-05-09,181,한섬,020000,KS,진입_관심,200일선상단 | 거래량상승1.7x,1.7182616789980452,0,1,,68.02804228955098,EPS스크래핑
2026-05-09,182,NH투자증권,005940,KS,진입_관심,200일선상단 | MACD+,0.8415468633442033,0,1,,66.13420563140986,EPS스크래핑
2026-05-09,183,LX인터내셔널,001120,KS,진입_관심,200일선상단,1.279036498986653,0,1,,65.90025729614918,EPS스크래핑
2026-05-09,184,금호석유화학,011780,KS,진입_관심,200일선상단 | 20일돌파 | 거래량상승3.4x | MACD+,3.372839738834793,1,1,,65.03264359863485,EPS스크래핑
