disclosure_date,ticker
20260427,000640
20260427,003450
20260427,003470
20260427,004710
20260427,006800
20260427,008260
20260427,008670
20260427,011070
20260427,011790
20260427,016360
20260427,024880
20260427,030610
20260427,039490
20260427,042660
20260427,060000
20260427,067990
20260427,095340
20260427,099190
20260427,112610
20260427,170900
20260427,194480
20260427,214450
20260427,218410
20260427,237690
20260427,272210
20260427,278470
20260427,294870
20260427,327260
20260427,440110
20260427,474610
20260427,483650
