order_id,trade_date,ticker,side,order_type,target_weight_pct,reason_code,status
20260428-036830-BUY,2026-04-28,036830,BUY,MKT,2.4000000000000004,NEW_ENTRY,제안
20260428-151860-BUY,2026-04-28,151860,BUY,MKT,2.4000000000000004,NEW_ENTRY,제안
20260428-016380-BUY,2026-04-28,016380,BUY,MKT,2.4000000000000004,NEW_ENTRY,제안
20260428-010690-BUY,2026-04-28,010690,BUY,MKT,2.4000000000000004,NEW_ENTRY,제안
20260428-015860-BUY,2026-04-28,015860,BUY,MKT,2.4000000000000004,NEW_ENTRY,제안
20260428-194370-BUY,2026-04-28,194370,BUY,MKT,2.4000000000000004,NEW_ENTRY,제안
20260428-012630-BUY,2026-04-28,012630,BUY,MKT,2.4000000000000004,NEW_ENTRY,제안
20260428-005440-BUY,2026-04-28,005440,BUY,MKT,2.4000000000000004,NEW_ENTRY,제안
20260428-037460-BUY,2026-04-28,037460,BUY,MKT,2.4000000000000004,NEW_ENTRY,제안
20260428-078930-BUY,2026-04-28,078930,BUY,MKT,2.4000000000000004,NEW_ENTRY,제안
20260428-001390-BUY,2026-04-28,001390,BUY,MKT,2.4000000000000004,NEW_ENTRY,제안
20260428-015750-BUY,2026-04-28,015750,BUY,MKT,2.4000000000000004,NEW_ENTRY,제안
20260428-005389-BUY,2026-04-28,005389,BUY,MKT,2.4000000000000004,NEW_ENTRY,제안
20260428-017940-BUY,2026-04-28,017940,BUY,MKT,2.4000000000000004,NEW_ENTRY,제안
20260428-005880-BUY,2026-04-28,005880,BUY,MKT,2.4000000000000004,NEW_ENTRY,제안
20260428-192080-BUY,2026-04-28,192080,BUY,MKT,2.4000000000000004,NEW_ENTRY,제안
20260428-139130-BUY,2026-04-28,139130,BUY,MKT,2.4000000000000004,NEW_ENTRY,제안
20260428-015360-BUY,2026-04-28,015360,BUY,MKT,2.4000000000000004,NEW_ENTRY,제안
20260428-005387-BUY,2026-04-28,005387,BUY,MKT,2.4000000000000004,NEW_ENTRY,제안
20260428-267250-BUY,2026-04-28,267250,BUY,MKT,2.4000000000000004,NEW_ENTRY,제안
20260428-101930-BUY,2026-04-28,101930,BUY,MKT,2.4000000000000004,NEW_ENTRY,제안
20260428-000880-BUY,2026-04-28,000880,BUY,MKT,2.4000000000000004,NEW_ENTRY,제안
20260428-088350-BUY,2026-04-28,088350,BUY,MKT,2.4000000000000004,NEW_ENTRY,제안
20260428-093050-BUY,2026-04-28,093050,BUY,MKT,2.4000000000000004,NEW_ENTRY,제안
20260428-072710-BUY,2026-04-28,072710,BUY,MKT,2.4000000000000004,NEW_ENTRY,제안
20260428-002380-BUY,2026-04-28,002380,BUY,MKT,2.4000000000000004,NEW_ENTRY,제안
20260428-00088K-BUY,2026-04-28,00088K,BUY,MKT,2.4000000000000004,NEW_ENTRY,제안
20260428-004690-BUY,2026-04-28,004690,BUY,MKT,2.4000000000000004,NEW_ENTRY,제안
20260428-016610-BUY,2026-04-28,016610,BUY,MKT,1.8,NEW_ENTRY,제안
20260428-001800-BUY,2026-04-28,001800,BUY,MKT,1.8,NEW_ENTRY,제안
20260428-383800-BUY,2026-04-28,383800,BUY,MKT,1.8,NEW_ENTRY,제안
20260428-023760-BUY,2026-04-28,023760,BUY,MKT,1.8,NEW_ENTRY,제안
20260428-009410-BUY,2026-04-28,009410,BUY,MKT,1.8,NEW_ENTRY,제안
20260428-007340-BUY,2026-04-28,007340,BUY,MKT,1.8,NEW_ENTRY,제안
20260428-073240-BUY,2026-04-28,073240,BUY,MKT,1.8,NEW_ENTRY,제안
20260428-00680K-BUY,2026-04-28,00680K,BUY,MKT,1.8,NEW_ENTRY,제안
20260428-071050-BUY,2026-04-28,071050,BUY,MKT,1.8,NEW_ENTRY,제안
20260428-004490-BUY,2026-04-28,004490,BUY,MKT,1.8,NEW_ENTRY,제안
20260428-025540-BUY,2026-04-28,025540,BUY,MKT,1.799999999999999,NEW_ENTRY,제안
20260428-032190-BUY,2026-04-28,032190,BUY,MKT,1.8,NEW_ENTRY,제안
20260428-124500-BUY,2026-04-28,124500,BUY,MKT,1.8,NEW_ENTRY,제안
20260428-000370-BUY,2026-04-28,000370,BUY,MKT,1.8,NEW_ENTRY,제안
20260428-023590-BUY,2026-04-28,023590,BUY,MKT,1.8,NEW_ENTRY,제안
20260428-064820-BUY,2026-04-28,064820,BUY,MKT,1.8,NEW_ENTRY,제안
20260428-002350-BUY,2026-04-28,002350,BUY,MKT,0.0,NEW_ENTRY,제안
20260428-035600-BUY,2026-04-28,035600,BUY,MKT,1.8,NEW_ENTRY,제안
20260428-034730-BUY,2026-04-28,034730,BUY,MKT,1.8,NEW_ENTRY,제안
20260428-004800-BUY,2026-04-28,004800,BUY,MKT,1.8,NEW_ENTRY,제안
20260428-009970-BUY,2026-04-28,009970,BUY,MKT,1.8,NEW_ENTRY,제안
20260428-003690-BUY,2026-04-28,003690,BUY,MKT,1.8,NEW_ENTRY,제안
20260428-005830-BUY,2026-04-28,005830,BUY,MKT,1.8,NEW_ENTRY,제안
20260428-001450-BUY,2026-04-28,001450,BUY,MKT,1.8,NEW_ENTRY,제안
20260428-472850-BUY,2026-04-28,472850,BUY,MKT,1.8,NEW_ENTRY,제안
20260428-036530-BUY,2026-04-28,036530,BUY,MKT,0.0,NEW_ENTRY,제안
20260428-001200-BUY,2026-04-28,001200,BUY,MKT,1.1999999999999993,NEW_ENTRY,제안
20260428-086790-BUY,2026-04-28,086790,BUY,MKT,1.8,NEW_ENTRY,제안
20260428-007700-BUY,2026-04-28,007700,BUY,MKT,1.8,NEW_ENTRY,제안
20260428-003380-BUY,2026-04-28,003380,BUY,MKT,1.8,NEW_ENTRY,제안
20260428-138930-BUY,2026-04-28,138930,BUY,MKT,1.8,NEW_ENTRY,제안
20260428-034310-BUY,2026-04-28,034310,BUY,MKT,1.8,NEW_ENTRY,제안
20260428-215200-BUY,2026-04-28,215200,BUY,MKT,1.8,NEW_ENTRY,제안
20260428-005850-BUY,2026-04-28,005850,BUY,MKT,0.0,NEW_ENTRY,제안
20260428-035810-BUY,2026-04-28,035810,BUY,MKT,1.8,NEW_ENTRY,제안
20260428-214320-BUY,2026-04-28,214320,BUY,MKT,1.8,NEW_ENTRY,제안
20260428-453340-BUY,2026-04-28,453340,BUY,MKT,1.8,NEW_ENTRY,제안
20260428-003800-BUY,2026-04-28,003800,BUY,MKT,1.8,NEW_ENTRY,제안
20260428-027410-BUY,2026-04-28,027410,BUY,MKT,1.8,NEW_ENTRY,제안
20260428-024110-BUY,2026-04-28,024110,BUY,MKT,1.8,NEW_ENTRY,제안
20260428-057050-BUY,2026-04-28,057050,BUY,MKT,1.8,NEW_ENTRY,제안
20260428-059090-BUY,2026-04-28,059090,BUY,MKT,1.8,NEW_ENTRY,제안
20260428-078070-BUY,2026-04-28,078070,BUY,MKT,1.8,NEW_ENTRY,제안
20260428-006730-BUY,2026-04-28,006730,BUY,MKT,1.8,NEW_ENTRY,제안
20260428-005380-BUY,2026-04-28,005380,BUY,MKT,1.8,NEW_ENTRY,제안
20260428-316140-BUY,2026-04-28,316140,BUY,MKT,1.8,NEW_ENTRY,제안
20260428-058650-BUY,2026-04-28,058650,BUY,MKT,1.8,NEW_ENTRY,제안
20260428-003470-BUY,2026-04-28,003470,BUY,MKT,0.0,NEW_ENTRY,제안
20260428-009900-BUY,2026-04-28,009900,BUY,MKT,0.0,NEW_ENTRY,제안
20260428-014830-BUY,2026-04-28,014830,BUY,MKT,1.8,NEW_ENTRY,제안
20260428-126720-BUY,2026-04-28,126720,BUY,MKT,1.8,NEW_ENTRY,제안
20260428-161390-BUY,2026-04-28,161390,BUY,MKT,0.0,NEW_ENTRY,제안
20260428-031330-BUY,2026-04-28,031330,BUY,MKT,1.8,NEW_ENTRY,제안
20260428-000270-BUY,2026-04-28,000270,BUY,MKT,0.5999999999999979,NEW_ENTRY,제안
