기준일,추천순위,종목명,종목코드,시장,선정의견,선정핵심근거,선택신호,선택신호_신뢰도,선택신호_5일승률(%),선택신호_기대값5일(%),선택신호_발생건수,거래량비율20일,거래량신호점수,거래량백분위(시장내%),거래량판정,과거거래량신호_5일승률(%),과거거래량신호_기대값5일(%),20일돌파,200일선상단여부,RSI14,종합점수,최종판단점수,초보자설명,판단코멘트
2026-04-25,1,일진홀딩스,015860,KS,우선검토,"신호:거래량급증_1.8배 (과거5일 승률 51.1%, 기대값 2.22%) | 거래량:1.99배(강함, 시장내 상위 88%) | 추세:200일선 상단 / 돌파:있음",거래량급증_1.8배,높음,51.12699639361155,2.217569944802564,15528.0,1.9926617419421524,70.15657305542072,88.27319587628865,강함,51.12699639361155,2.217569944802564,1,1,71.79215689038773,91.35684093752363,64.83681663418756,성과는 플러스 구간이지만 변동성이 있습니다. 비중을 낮춰 접근이 좋습니다.,신호:거래량급증_1.8배
2026-04-25,4,LX홀딩스,383800,KS,우선검토,"신호:거래량급증_2.5배 (과거5일 승률 50.2%, 기대값 2.45%) | 거래량:7.61배(매우강함, 시장내 상위 99%) | 추세:200일선 상단 / 돌파:있음",거래량급증_2.5배,높음,50.176909972480665,2.4484615591108576,7631.0,7.609953322195834,100.0,98.96907216494846,매우강함,50.176909972480665,2.4484615591108576,1,1,74.99002995089624,89.71709446221209,63.7813507471928,성과는 플러스 구간이지만 변동성이 있습니다. 비중을 낮춰 접근이 좋습니다.,신호:거래량급증_2.5배
2026-04-25,3,KG에코솔루션,151860,KQ,관찰후진입,"신호:해당없음 (과거5일 승률 통계부족, 기대값 통계부족) | 거래량:1.33배(관심증가, 시장내 상위 74%) | 추세:200일선 상단 / 돌파:있음",해당없음,통계없음,,,,1.3316172096671457,31.27160056865563,73.96907216494846,관심증가,,,1,1,62.92553839170336,90.12877021365168,63.09013914955617,현재 강한 매수신호는 없습니다. 추세와 거래량이 함께 확인될 때까지 관찰이 유리합니다.,신호부재
2026-04-25,5,제이에스코퍼레이션,194370,KS,관찰후진입,"신호:해당없음 (과거5일 승률 통계부족, 기대값 통계부족) | 거래량:0.73배(약함, 시장내 상위 32%) | 추세:200일선 상단 / 돌파:있음",해당없음,통계없음,,,,0.7293546213163477,0.0,31.70103092783505,약함,,,1,1,68.60451116770383,89.71369391100906,62.79958573770634,현재 강한 매수신호는 없습니다. 추세와 거래량이 함께 확인될 때까지 관찰이 유리합니다.,신호부재
2026-04-25,2,KG케미칼,001390,KS,관찰후진입,"신호:돌파+거래량+RSI안전 (과거5일 승률 36.8%, 기대값 -2.06%) | 거래량:1.70배(관심증가, 시장내 상위 83%) | 추세:200일선 상단 / 돌파:있음",돌파+거래량+RSI안전,높음,36.83206106870229,-2.0635348212680116,524.0,1.702859830558405,53.10940179755323,82.60309278350515,관심증가,36.83206106870229,-2.0635348212680116,1,1,62.71643592403613,90.22867451751966,62.33465823375656,과거 통계상 기대수익이 낮거나 음수입니다. 추격매수는 피하는 편이 좋습니다.,신호:돌파+거래량+RSI안전
2026-04-25,6,솔브레인홀딩스,036830,KQ,관찰후진입,"신호:해당없음 (과거5일 승률 통계부족, 기대값 통계부족) | 거래량:1.17배(보통, 시장내 상위 67%) | 추세:200일선 상단 / 돌파:없음",해당없음,통계없음,,,,1.1743363334587404,22.019784321102374,67.13917525773195,보통,,,0,1,61.686460934545416,88.51528153809929,61.9606970766695,현재 강한 매수신호는 없습니다. 추세와 거래량이 함께 확인될 때까지 관찰이 유리합니다.,신호부재
2026-04-25,8,삼지전자,037460,KQ,관찰후진입,"신호:해당없음 (과거5일 승률 통계부족, 기대값 통계부족) | 거래량:0.62배(약함, 시장내 상위 22%) | 추세:200일선 상단 / 돌파:없음",해당없음,통계없음,,,,0.6205720166112743,0.0,21.90721649484536,약함,,,0,1,67.98843294340257,87.4999988551777,61.24999919862438,현재 강한 매수신호는 없습니다. 추세와 거래량이 함께 확인될 때까지 관찰이 유리합니다.,신호부재
2026-04-25,9,HD현대,267250,KS,관찰후진입,"신호:해당없음 (과거5일 승률 통계부족, 기대값 통계부족) | 거래량:0.99배(보통, 시장내 상위 55%) | 추세:200일선 상단 / 돌파:있음",해당없음,통계없음,,,,0.9874756993570332,11.027982315119596,55.412371134020624,보통,,,1,1,66.23624452829168,87.20617908341472,61.0443253583903,현재 강한 매수신호는 없습니다. 추세와 거래량이 함께 확인될 때까지 관찰이 유리합니다.,신호부재
2026-04-25,7,효성,004800,KS,관찰후진입,"신호:돌파+거래량+RSI안전 (과거5일 승률 36.8%, 기대값 -2.06%) | 거래량:1.58배(관심증가, 시장내 상위 81%) | 추세:200일선 상단 / 돌파:있음",돌파+거래량+RSI안전,높음,36.83206106870229,-2.0635348212680116,524.0,1.58138435107421,45.96378535730648,80.6701030927835,관심증가,36.83206106870229,-2.0635348212680116,1,1,66.01910271424413,87.9582956578761,60.74539303200607,과거 통계상 기대수익이 낮거나 음수입니다. 추격매수는 피하는 편이 좋습니다.,신호:돌파+거래량+RSI안전
2026-04-25,12,대한해운,005880,KS,관찰후진입,"신호:해당없음 (과거5일 승률 통계부족, 기대값 통계부족) | 거래량:0.86배(보통, 시장내 상위 45%) | 추세:200일선 상단 / 돌파:없음",해당없음,통계없음,,,,0.8639057848820315,3.7591638165900867,44.84536082474227,보통,,,0,1,57.06976401781062,86.14107118423809,60.298749828966656,현재 강한 매수신호는 없습니다. 추세와 거래량이 함께 확인될 때까지 관찰이 유리합니다.,신호부재
2026-04-25,13,현대지에프홀딩스,005440,KS,관찰후진입,"신호:해당없음 (과거5일 승률 통계부족, 기대값 통계부족) | 거래량:0.87배(보통, 시장내 상위 45%) | 추세:200일선 상단 / 돌파:없음",해당없음,통계없음,,,,0.8679118049240482,3.994812054355773,45.103092783505154,보통,,,0,1,55.37006166196602,85.6892507551007,59.98247552857049,현재 강한 매수신호는 없습니다. 추세와 거래량이 함께 확인될 때까지 관찰이 유리합니다.,신호부재
2026-04-25,14,HDC,012630,KS,관찰후진입,"신호:해당없음 (과거5일 승률 통계부족, 기대값 통계부족) | 거래량:0.65배(약함, 시장내 상위 24%) | 추세:200일선 상단 / 돌파:없음",해당없음,통계없음,,,,0.6476296621440514,0.0,24.22680412371134,약함,,,0,1,56.59730039172814,85.48947327507973,59.84263129255581,현재 강한 매수신호는 없습니다. 추세와 거래량이 함께 확인될 때까지 관찰이 유리합니다.,신호부재
2026-04-25,10,KG스틸,016380,KS,관찰후진입,"신호:돌파+거래량+RSI안전 (과거5일 승률 36.8%, 기대값 -2.06%) | 거래량:1.55배(관심증가, 시장내 상위 80%) | 추세:200일선 상단 / 돌파:있음",돌파+거래량+RSI안전,높음,36.83206106870229,-2.0635348212680116,524.0,1.5525121262124266,44.26541918896627,80.41237113402062,관심증가,36.83206106870229,-2.0635348212680116,1,1,65.75844029400847,86.5077850072395,59.73003557656045,과거 통계상 기대수익이 낮거나 음수입니다. 추격매수는 피하는 편이 좋습니다.,신호:돌파+거래량+RSI안전
2026-04-25,15,E1,017940,KS,관찰후진입,"신호:해당없음 (과거5일 승률 통계부족, 기대값 통계부족) | 거래량:1.32배(관심증가, 시장내 상위 73%) | 추세:200일선 상단 / 돌파:있음",해당없음,통계없음,,,,1.3189773897230876,30.52808174841692,73.4536082474227,관심증가,,,1,1,60.819960694469096,85.26928108974911,59.68849676282438,현재 강한 매수신호는 없습니다. 추세와 거래량이 함께 확인될 때까지 관찰이 유리합니다.,신호부재
2026-04-25,18,더블유게임즈,192080,KS,관찰후진입,"신호:거래량급증_2.5배 (과거5일 승률 50.2%, 기대값 2.45%) | 거래량:3.16배(매우강함, 시장내 상위 95%) | 추세:200일선 상단 / 돌파:있음",거래량급증_2.5배,높음,50.176909972480665,2.4484615591108576,7631.0,3.162220320311981,100.0,95.10309278350515,매우강함,50.176909972480665,2.4484615591108576,1,1,74.08383784875588,83.35056683351985,59.32478140710823,성과는 플러스 구간이지만 변동성이 있습니다. 비중을 낮춰 접근이 좋습니다.,신호:거래량급증_2.5배
2026-04-25,16,한화,000880,KS,관찰후진입,"신호:해당없음 (과거5일 승률 통계부족, 기대값 통계부족) | 거래량:0.99배(보통, 시장내 상위 56%) | 추세:200일선 상단 / 돌파:없음",해당없음,통계없음,,,,0.9926980640392853,11.335180237605016,55.79896907216495,보통,,,0,1,58.9465917677316,84.16458454199099,58.91520917939369,현재 강한 매수신호는 없습니다. 추세와 거래량이 함께 확인될 때까지 관찰이 유리합니다.,신호부재
2026-04-25,17,한화생명,088350,KS,관찰후진입,"신호:해당없음 (과거5일 승률 통계부족, 기대값 통계부족) | 거래량:1.21배(관심증가, 시장내 상위 69%) | 추세:200일선 상단 / 돌파:없음",해당없음,통계없음,,,,1.2126055445294488,24.27091438408522,68.94329896907216,관심증가,,,0,1,55.516916840985246,83.63162818846794,58.542139731927556,현재 강한 매수신호는 없습니다. 추세와 거래량이 함께 확인될 때까지 관찰이 유리합니다.,신호부재
2026-04-25,19,KCC,002380,KS,관찰후진입,"신호:해당없음 (과거5일 승률 통계부족, 기대값 통계부족) | 거래량:0.59배(약함, 시장내 상위 19%) | 추세:200일선 상단 / 돌파:없음",해당없음,통계없음,,,,0.5940928840724272,0.0,18.943298969072163,약함,,,0,1,56.53721907999161,82.81410364652965,57.96987255257075,현재 강한 매수신호는 없습니다. 추세와 거래량이 함께 확인될 때까지 관찰이 유리합니다.,신호부재
2026-04-25,20,인화정공,101930,KQ,관찰후진입,"신호:해당없음 (과거5일 승률 통계부족, 기대값 통계부족) | 거래량:0.00배(약함, 시장내 상위 0%) | 추세:200일선 상단 / 돌파:없음",해당없음,통계없음,,,,0.0,0.0,0.3865979381443299,약함,,,0,1,58.72357915565992,82.7808355909495,57.946584913664644,현재 강한 매수신호는 없습니다. 추세와 거래량이 함께 확인될 때까지 관찰이 유리합니다.,신호부재
2026-04-25,21,농심홀딩스,072710,KS,관찰후진입,"신호:해당없음 (과거5일 승률 통계부족, 기대값 통계부족) | 거래량:1.13배(보통, 시장내 상위 65%) | 추세:200일선 상단 / 돌파:있음",해당없음,통계없음,,,,1.1349489213418447,19.70287772599086,64.5618556701031,보통,,,1,1,58.07277919040969,82.4967284942992,57.74770994600944,현재 강한 매수신호는 없습니다. 추세와 거래량이 함께 확인될 때까지 관찰이 유리합니다.,신호부재
2026-04-25,22,한화3우B,00088K,KS,관찰후진입,"신호:해당없음 (과거5일 승률 통계부족, 기대값 통계부족) | 거래량:0.89배(보통, 시장내 상위 47%) | 추세:200일선 상단 / 돌파:없음",해당없음,통계없음,,,,0.8880898178807948,5.181753992987925,46.77835051546392,보통,,,0,1,57.25726066764848,82.47247912927207,57.730735390490445,현재 강한 매수신호는 없습니다. 추세와 거래량이 함께 확인될 때까지 관찰이 유리합니다.,신호부재
2026-04-25,23,LF,093050,KS,관찰후진입,"신호:해당없음 (과거5일 승률 통계부족, 기대값 통계부족) | 거래량:0.48배(약함, 시장내 상위 11%) | 추세:200일선 상단 / 돌파:없음",해당없음,통계없음,,,,0.4752402893277095,0.0,11.34020618556701,약함,,,0,1,60.89101292360595,82.41333163493826,57.68933214445678,현재 강한 매수신호는 없습니다. 추세와 거래량이 함께 확인될 때까지 관찰이 유리합니다.,신호부재
2026-04-25,24,성우하이텍,015750,KQ,관찰후진입,"신호:해당없음 (과거5일 승률 통계부족, 기대값 통계부족) | 거래량:0.90배(보통, 시장내 상위 48%) | 추세:200일선 상단 / 돌파:없음",해당없음,통계없음,,,,0.8965015561746169,5.676562127918639,48.06701030927835,보통,,,0,1,51.88673341267214,82.14832628543772,57.5038283998064,현재 강한 매수신호는 없습니다. 추세와 거래량이 함께 확인될 때까지 관찰이 유리합니다.,신호부재
2026-04-25,25,오리온홀딩스,001800,KS,관찰후진입,"신호:해당없음 (과거5일 승률 통계부족, 기대값 통계부족) | 거래량:0.89배(보통, 시장내 상위 46%) | 추세:200일선 상단 / 돌파:없음",해당없음,통계없음,,,,0.8857259467071614,5.042702747480082,46.391752577319586,보통,,,0,1,56.700128425598066,82.05618082576999,57.43932657803899,현재 강한 매수신호는 없습니다. 추세와 거래량이 함께 확인될 때까지 관찰이 유리합니다.,신호부재
2026-04-25,26,화신,010690,KS,관찰후진입,"신호:해당없음 (과거5일 승률 통계부족, 기대값 통계부족) | 거래량:0.92배(보통, 시장내 상위 49%) | 추세:200일선 상단 / 돌파:없음",해당없음,통계없음,,,,0.9157566098884935,6.809212346381968,49.48453608247423,보통,,,0,1,54.588497874957326,81.2134365956305,56.84940561694135,현재 강한 매수신호는 없습니다. 추세와 거래량이 함께 확인될 때까지 관찰이 유리합니다.,신호부재
2026-04-25,27,DN오토모티브,007340,KS,관찰후진입,"신호:해당없음 (과거5일 승률 통계부족, 기대값 통계부족) | 거래량:0.93배(보통, 시장내 상위 51%) | 추세:200일선 상단 / 돌파:있음",해당없음,통계없음,,,,0.931038615413873,7.70815384787488,50.644329896907216,보통,,,1,1,64.06793900839867,81.04847939789309,56.733935578525156,현재 강한 매수신호는 없습니다. 추세와 거래량이 함께 확인될 때까지 관찰이 유리합니다.,신호부재
2026-04-25,28,DB손해보험,005830,KS,관찰후진입,"신호:해당없음 (과거5일 승률 통계부족, 기대값 통계부족) | 거래량:0.94배(보통, 시장내 상위 52%) | 추세:200일선 상단 / 돌파:있음",해당없음,통계없음,,,,0.9447108768834018,8.512404522553046,51.932989690721655,보통,,,1,1,53.56166412438455,80.69988370229252,56.48991859160476,현재 강한 매수신호는 없습니다. 추세와 거래량이 함께 확인될 때까지 관찰이 유리합니다.,신호부재
2026-04-25,30,GS,078930,KS,관찰후진입,"신호:해당없음 (과거5일 승률 통계부족, 기대값 통계부족) | 거래량:0.68배(약함, 시장내 상위 28%) | 추세:200일선 상단 / 돌파:없음",해당없음,통계없음,,,,0.6835125807954583,0.0,28.221649484536083,약함,,,0,1,62.71554726679754,80.1164902460598,56.08154317224185,현재 강한 매수신호는 없습니다. 추세와 거래량이 함께 확인될 때까지 관찰이 유리합니다.,신호부재
2026-04-25,31,iM금융지주,139130,KS,관찰후진입,"신호:해당없음 (과거5일 승률 통계부족, 기대값 통계부족) | 거래량:0.53배(약함, 시장내 상위 14%) | 추세:200일선 상단 / 돌파:없음",해당없음,통계없음,,,,0.5321675461315825,0.0,14.04639175257732,약함,,,0,1,64.83186828832555,79.23481149516199,55.464368046613394,현재 강한 매수신호는 없습니다. 추세와 거래량이 함께 확인될 때까지 관찰이 유리합니다.,신호부재
2026-04-25,39,삼천리,004690,KS,관찰후진입,"신호:거래량급증_1.8배 (과거5일 승률 51.1%, 기대값 2.22%) | 거래량:1.82배(강함, 시장내 상위 85%) | 추세:200일선 상단 / 돌파:없음",거래량급증_1.8배,높음,51.12699639361155,2.217569944802564,15528.0,1.8186331656396606,59.919597978803566,84.92268041237114,강함,51.12699639361155,2.217569944802564,0,1,58.31633210768776,77.85736592651277,55.38718412647996,성과는 플러스 구간이지만 변동성이 있습니다. 비중을 낮춰 접근이 좋습니다.,신호:거래량급증_1.8배
2026-04-25,32,INVENI,015360,KS,관찰후진입,"신호:해당없음 (과거5일 승률 통계부족, 기대값 통계부족) | 거래량:0.95배(보통, 시장내 상위 53%) | 추세:200일선 상단 / 돌파:없음",해당없음,통계없음,,,,0.9482694772466794,8.721733955687021,52.57731958762887,보통,,,0,1,52.05380542106012,79.07387684450603,55.35171379115422,현재 강한 매수신호는 없습니다. 추세와 거래량이 함께 확인될 때까지 관찰이 유리합니다.,신호부재
2026-04-25,33,SK,034730,KS,관찰후진입,"신호:해당없음 (과거5일 승률 통계부족, 기대값 통계부족) | 거래량:1.49배(관심증가, 시장내 상위 79%) | 추세:200일선 상단 / 돌파:있음",해당없음,통계없음,,,,1.4869740965798848,40.41024097528734,79.38144329896907,관심증가,,,1,1,66.5914641711417,78.65971807286331,55.061802651004314,현재 강한 매수신호는 없습니다. 추세와 거래량이 함께 확인될 때까지 관찰이 유리합니다.,신호부재
2026-04-25,34,DB증권,016610,KS,관찰후진입,"신호:해당없음 (과거5일 승률 통계부족, 기대값 통계부족) | 거래량:1.13배(보통, 시장내 상위 64%) | 추세:200일선 상단 / 돌파:없음",해당없음,통계없음,,,,1.1340758023023916,19.65151778249362,64.43298969072166,보통,,,0,1,55.464507918226836,78.4477972624434,54.91345808371038,현재 강한 매수신호는 없습니다. 추세와 거래량이 함께 확인될 때까지 관찰이 유리합니다.,신호부재
2026-04-25,35,미래에셋증권2우B,00680K,KS,관찰후진입,"신호:해당없음 (과거5일 승률 통계부족, 기대값 통계부족) | 거래량:1.09배(보통, 시장내 상위 62%) | 추세:200일선 상단 / 돌파:없음",해당없음,통계없음,,,,1.090737963976984,17.10223317511671,62.11340206185567,보통,,,0,1,48.60693630770784,78.29808439279797,54.80865907495858,현재 강한 매수신호는 없습니다. 추세와 거래량이 함께 확인될 때까지 관찰이 유리합니다.,신호부재
2026-04-25,36,한국금융지주,071050,KS,관찰후진입,"신호:해당없음 (과거5일 승률 통계부족, 기대값 통계부족) | 거래량:0.76배(약함, 시장내 상위 36%) | 추세:200일선 상단 / 돌파:없음",해당없음,통계없음,,,,0.7642147627133016,0.0,35.6958762886598,약함,,,0,1,61.39195609443405,78.0966450095691,54.66765150669837,현재 강한 매수신호는 없습니다. 추세와 거래량이 함께 확인될 때까지 관찰이 유리합니다.,신호부재
2026-04-25,37,한국캐피탈,023760,KQ,관찰후진입,"신호:해당없음 (과거5일 승률 통계부족, 기대값 통계부족) | 거래량:0.49배(약함, 시장내 상위 12%) | 추세:200일선 상단 / 돌파:없음",해당없음,통계없음,,,,0.4921819933314845,0.0,12.11340206185567,약함,,,0,1,52.496981200229676,78.06504178929609,54.64552925250726,현재 강한 매수신호는 없습니다. 추세와 거래량이 함께 확인될 때까지 관찰이 유리합니다.,신호부재
2026-04-25,38,태영건설,009410,KS,관찰후진입,"신호:해당없음 (과거5일 승률 통계부족, 기대값 통계부족) | 거래량:0.36배(약함, 시장내 상위 6%) | 추세:200일선 상단 / 돌파:없음",해당없음,통계없음,,,,0.3610577605778292,0.0,5.798969072164948,약함,,,0,1,54.5590491483828,77.92719577039423,54.54903703927596,현재 강한 매수신호는 없습니다. 추세와 거래량이 함께 확인될 때까지 관찰이 유리합니다.,신호부재
2026-04-25,40,유진투자증권,001200,KS,관찰후진입,"신호:해당없음 (과거5일 승률 통계부족, 기대값 통계부족) | 거래량:0.95배(보통, 시장내 상위 52%) | 추세:200일선 상단 / 돌파:있음",해당없음,통계없음,,,,0.9476916204574263,8.687742379848602,52.448453608247426,보통,,,1,1,56.955101397058726,77.65925629448427,54.36147940613898,현재 강한 매수신호는 없습니다. 추세와 거래량이 함께 확인될 때까지 관찰이 유리합니다.,신호부재
2026-04-25,41,다우기술,023590,KS,관찰후진입,"신호:해당없음 (과거5일 승률 통계부족, 기대값 통계부족) | 거래량:0.94배(보통, 시장내 상위 52%) | 추세:200일선 상단 / 돌파:없음",해당없음,통계없음,,,,0.9406681425091742,8.274596618186715,51.546391752577314,보통,,,0,1,50.14483350745765,77.42447576685646,54.19713303679952,현재 강한 매수신호는 없습니다. 추세와 거래량이 함께 확인될 때까지 관찰이 유리합니다.,신호부재
2026-04-25,42,영원무역홀딩스,009970,KS,관찰후진입,"신호:해당없음 (과거5일 승률 통계부족, 기대값 통계부족) | 거래량:1.14배(보통, 시장내 상위 65%) | 추세:200일선 상단 / 돌파:없음",해당없음,통계없음,,,,1.1386245812475322,19.919093014560715,65.20618556701031,보통,,,0,1,46.533083289288705,77.01983221279289,53.91388254895502,현재 강한 매수신호는 없습니다. 추세와 거래량이 함께 확인될 때까지 관찰이 유리합니다.,신호부재
2026-04-25,43,현대그린푸드,453340,KS,관찰후진입,"신호:해당없음 (과거5일 승률 통계부족, 기대값 통계부족) | 거래량:0.93배(보통, 시장내 상위 51%) | 추세:200일선 상단 / 돌파:있음",해당없음,통계없음,,,,0.9330619877894505,7.827175752320614,50.9020618556701,보통,,,1,1,62.236238207655575,76.16738714402125,53.317171000814874,현재 강한 매수신호는 없습니다. 추세와 거래량이 함께 확인될 때까지 관찰이 유리합니다.,신호부재
2026-04-25,44,다우데이타,032190,KQ,관찰후진입,"신호:해당없음 (과거5일 승률 통계부족, 기대값 통계부족) | 거래량:0.71배(약함, 시장내 상위 30%) | 추세:200일선 상단 / 돌파:없음",해당없음,통계없음,,,,0.7097178310322642,0.0,30.025773195876287,약함,,,0,1,49.46512006803977,75.88333134060079,53.11833193842055,현재 강한 매수신호는 없습니다. 추세와 거래량이 함께 확인될 때까지 관찰이 유리합니다.,신호부재
2026-04-25,45,SNT홀딩스,036530,KS,관찰후진입,"신호:해당없음 (과거5일 승률 통계부족, 기대값 통계부족) | 거래량:0.57배(약함, 시장내 상위 17%) | 추세:200일선 상단 / 돌파:없음",해당없음,통계없음,,,,0.5711296357371121,0.0,17.010309278350515,약함,,,0,1,57.25269961326831,75.62398207845901,52.9367874549213,현재 강한 매수신호는 없습니다. 추세와 거래량이 함께 확인될 때까지 관찰이 유리합니다.,신호부재
2026-04-25,46,현대차3우B,005389,KS,관찰후진입,"신호:해당없음 (과거5일 승률 통계부족, 기대값 통계부족) | 거래량:1.44배(관심증가, 시장내 상위 78%) | 추세:200일선 상단 / 돌파:없음",해당없음,통계없음,,,,1.4389762916867523,37.58684068745602,77.57731958762886,관심증가,,,0,1,47.56555563996594,74.66581800296983,52.26607260207888,현재 강한 매수신호는 없습니다. 추세와 거래량이 함께 확인될 때까지 관찰이 유리합니다.,신호부재
2026-04-25,47,금호타이어,073240,KS,관찰후진입,"신호:해당없음 (과거5일 승률 통계부족, 기대값 통계부족) | 거래량:1.36배(관심증가, 시장내 상위 75%) | 추세:200일선 상단 / 돌파:없음",해당없음,통계없음,,,,1.358048455775014,32.82637975147142,75.12886597938144,관심증가,,,0,1,50.21094313575051,74.66332137892007,52.26432496524405,현재 강한 매수신호는 없습니다. 추세와 거래량이 함께 확인될 때까지 관찰이 유리합니다.,신호부재
2026-04-25,48,한화손해보험,000370,KS,관찰후진입,"신호:해당없음 (과거5일 승률 통계부족, 기대값 통계부족) | 거래량:0.85배(보통, 시장내 상위 44%) | 추세:200일선 상단 / 돌파:없음",해당없음,통계없음,,,,0.8471517459738266,2.7736321161074438,43.68556701030928,보통,,,0,1,50.93296474571976,74.32383229580792,52.02668260706554,현재 강한 매수신호는 없습니다. 추세와 거래량이 함께 확인될 때까지 관찰이 유리합니다.,신호부재
2026-04-25,49,KG이니시스,035600,KQ,관찰후진입,"신호:해당없음 (과거5일 승률 통계부족, 기대값 통계부족) | 거래량:0.60배(약함, 시장내 상위 20%) | 추세:200일선 상단 / 돌파:없음",해당없음,통계없음,,,,0.5989126696698099,0.0,19.716494845360824,약함,,,0,1,57.998063141657646,73.7434033694027,51.620382358581885,현재 강한 매수신호는 없습니다. 추세와 거래량이 함께 확인될 때까지 관찰이 유리합니다.,신호부재
2026-04-25,50,BNK금융지주,138930,KS,관찰후진입,"신호:해당없음 (과거5일 승률 통계부족, 기대값 통계부족) | 거래량:0.79배(약함, 시장내 상위 37%) | 추세:200일선 상단 / 돌파:없음",해당없음,통계없음,,,,0.7860273263428295,0.0,37.371134020618555,약함,,,0,1,56.4421968563551,73.73704562147273,51.61593193503091,현재 강한 매수신호는 없습니다. 추세와 거래량이 함께 확인될 때까지 관찰이 유리합니다.,신호부재
2026-04-25,55,수산인더스트리,126720,KS,관찰후진입,"신호:거래량급증_2.5배 (과거5일 승률 50.2%, 기대값 2.45%) | 거래량:3.45배(매우강함, 시장내 상위 96%) | 추세:200일선 상단 / 돌파:있음",거래량급증_2.5배,높음,50.176909972480665,2.4484615591108576,7631.0,3.449763490626555,100.0,95.74742268041237,매우강함,50.176909972480665,2.4484615591108576,1,1,70.61746406973066,72.31859956756747,51.602404320941574,성과는 플러스 구간이지만 변동성이 있습니다. 비중을 낮춰 접근이 좋습니다.,신호:거래량급증_2.5배
2026-04-25,51,한국단자,025540,KS,관찰후진입,"신호:해당없음 (과거5일 승률 통계부족, 기대값 통계부족) | 거래량:1.31배(관심증가, 시장내 상위 73%) | 추세:200일선 상단 / 돌파:없음",해당없음,통계없음,,,,1.3144739266505905,30.263172155917083,73.19587628865979,관심증가,,,0,1,64.60884039160513,73.62464363971026,51.53725054779718,현재 강한 매수신호는 없습니다. 추세와 거래량이 함께 확인될 때까지 관찰이 유리합니다.,신호부재
2026-04-25,52,하림지주,003380,KQ,관찰후진입,"신호:해당없음 (과거5일 승률 통계부족, 기대값 통계부족) | 거래량:0.87배(보통, 시장내 상위 45%) | 추세:200일선 상단 / 돌파:없음",해당없음,통계없음,,,,0.871035724268845,4.17857201581441,45.2319587628866,보통,,,0,1,45.53685051197082,73.6012219964928,51.520855397544956,현재 강한 매수신호는 없습니다. 추세와 거래량이 함께 확인될 때까지 관찰이 유리합니다.,신호부재
2026-04-25,58,아모레퍼시픽홀딩스,002790,KS,관찰후진입,"신호:거래량급증_2.5배 (과거5일 승률 50.2%, 기대값 2.45%) | 거래량:3.19배(매우강함, 시장내 상위 95%) | 추세:200일선 상단 / 돌파:있음",거래량급증_2.5배,높음,50.176909972480665,2.4484615591108576,7631.0,3.185500740471471,100.0,95.23195876288659,매우강함,50.176909972480665,2.4484615591108576,1,1,63.08849884057592,71.49849723975439,51.02833269147241,성과는 플러스 구간이지만 변동성이 있습니다. 비중을 낮춰 접근이 좋습니다.,신호:거래량급증_2.5배
2026-04-25,54,현대차2우B,005387,KS,관찰후진입,"신호:해당없음 (과거5일 승률 통계부족, 기대값 통계부족) | 거래량:1.09배(보통, 시장내 상위 62%) | 추세:200일선 상단 / 돌파:없음",해당없음,통계없음,,,,1.087168910672506,16.892288863088588,61.98453608247423,보통,,,0,1,46.781415618736695,72.3849039852837,50.66943278969859,현재 강한 매수신호는 없습니다. 추세와 거래량이 함께 확인될 때까지 관찰이 유리합니다.,신호부재
2026-04-25,53,명신산업,009900,KS,관찰후진입,"신호:돌파+거래량+RSI안전 (과거5일 승률 36.8%, 기대값 -2.06%) | 거래량:1.71배(관심증가, 시장내 상위 83%) | 추세:200일선 상단 / 돌파:있음",돌파+거래량+RSI안전,높음,36.83206106870229,-2.0635348212680116,524.0,1.7078765008674623,53.40450005102719,82.73195876288659,관심증가,36.83206106870229,-2.0635348212680116,1,1,71.36739142008042,73.53471682085569,50.64888784609178,과거 통계상 기대수익이 낮거나 음수입니다. 추격매수는 피하는 편이 좋습니다.,신호:돌파+거래량+RSI안전
2026-04-25,56,넥센타이어,002350,KS,관찰후진입,"신호:해당없음 (과거5일 승률 통계부족, 기대값 통계부족) | 거래량:0.87배(보통, 시장내 상위 45%) | 추세:200일선 상단 / 돌파:없음",해당없음,통계없음,,,,0.871564558719783,4.209679924693115,45.36082474226804,보통,,,0,1,53.122415442766275,72.18254698053006,50.52778288637104,현재 강한 매수신호는 없습니다. 추세와 거래량이 함께 확인될 때까지 관찰이 유리합니다.,신호부재
2026-04-25,57,현대해상,001450,KS,관찰후진입,"신호:해당없음 (과거5일 승률 통계부족, 기대값 통계부족) | 거래량:0.72배(약함, 시장내 상위 31%) | 추세:200일선 상단 / 돌파:없음",해당없음,통계없음,,,,0.7203650320314853,0.0,30.927835051546392,약함,,,0,1,50.47655746684774,71.69258252169402,50.18480776518581,현재 강한 매수신호는 없습니다. 추세와 거래량이 함께 확인될 때까지 관찰이 유리합니다.,신호부재
2026-04-25,61,하이록코리아,013030,KQ,관찰후진입,"신호:거래량급증_2.5배 (과거5일 승률 50.2%, 기대값 2.45%) | 거래량:2.77배(매우강함, 시장내 상위 93%) | 추세:200일선 상단 / 돌파:있음",거래량급증_2.5배,높음,50.176909972480665,2.4484615591108576,7631.0,2.7692660605841093,100.0,93.29896907216495,매우강함,50.176909972480665,2.4484615591108576,1,1,70.10768957617496,70.15091456549871,50.085024819493434,성과는 플러스 구간이지만 변동성이 있습니다. 비중을 낮춰 접근이 좋습니다.,신호:거래량급증_2.5배
