"파일명","종류","분류","역할","구현기능상세","주입력","주출력","실행주기","핵심의존성","운영메모"
"run_daily.ps1","PowerShell","핵심 오케스트레이션","일일 메인 진입점","up_valuation_config.json과 사용자 환경변수를 읽어 Python 경로를 해석하고, pip install -r requirements.txt를 선행한 뒤 preprocess_daily_updates.py → refresh_assumptions.py → build_daily_report.py 순으로 일일 파이프라인을 실행한다. DART_API_KEY, KRX_ID, KRX_PW, UP_VALUATION_PYTHON을 프로세스에 주입하고, 설정에 따라 upload_to_google_drive.py까지 후처리로 호출한다.","up_valuation_config.json, DART_API_KEY, KRX_ID, KRX_PW, universe.csv, assumptions.csv, eps_cache.csv","output/상세리포트_YYYY-MM-DD.csv, output/종목선정_핵심근거_YYYY-MM-DD.csv, output/최종매수_30일타임라인_YYYY-MM-DD.csv, output/최종매수_전일비교_YYYY-MM-DD_vs_YYYY-MM-DD.csv, 필요 시 full 파일 전체","매일 1회 자동/수동","preprocess_daily_updates.py, refresh_assumptions.py, build_daily_report.py, upload_to_google_drive.py, requirements.txt","현재 로그 기준 build_daily_report.py가 2회 호출되는 흔적이 있어 중복 실행 여부를 재검토해야 함"
"run_eps_cache_refresh.ps1","PowerShell","월간 갱신 래퍼","EPS 캐시 전용 실행기","설정과 환경변수를 로드한 뒤 pip install -r requirements.txt와 refresh_eps_cache.py를 실행하는 얇은 래퍼다. EPS 캐시를 메인 일일 파이프라인과 분리해 월간/주기 갱신하도록 설계했다.","up_valuation_config.json, DART_API_KEY, KRX_ID, KRX_PW","eps_cache.csv 갱신","월 1회 또는 수동","refresh_eps_cache.py, requirements.txt","일일 리포트는 기존 eps_cache.csv를 사용하며, 이 스크립트로만 캐시를 갱신한다"
"run_assumptions_refresh.ps1","PowerShell","월간 갱신 래퍼","assumptions 동기화 실행기","Python 경로와 환경변수를 해석한 뒤 refresh_assumptions.py를 실행한다. universe.csv와 assumptions.csv를 맞추고 EPS 캐시의 sector 정보를 반영하는 정기 보정용 래퍼다.","universe.csv, assumptions.csv, eps_cache.csv","assumptions.csv 갱신","월 1회 또는 수동","refresh_assumptions.py, requirements.txt","일일 파이프라인에도 통합되어 있으나 개별 재실행도 가능"
"install_automation.ps1","PowerShell","초기 설치","자동화 설치 엔트리","Python 경로를 탐색해 up_valuation_config.json을 생성하고, setup_scheduled_tasks.ps1을 호출해 Windows Task Scheduler 등록을 자동화한다. 설치 시 Python 경로를 찾지 못하면 사용자 입력을 받는다.","로컬 Python 경로, 스케줄 시간, Task Prefix","up_valuation_config.json, 스케줄 작업 등록","1회 초기 설정","setup_scheduled_tasks.ps1","초기 배포/이전 PC 설치용"
"setup_scheduled_tasks.ps1","PowerShell","스케줄 등록","Scheduler 등록기","schtasks를 사용해 Daily/EPS-Monthly/Assumptions-Monthly 3개 작업을 생성하거나 갱신한다. 일일 작업은 run_daily.ps1, 월간 EPS 작업은 run_eps_cache_refresh.ps1, 월간 assumptions 작업은 run_assumptions_refresh.ps1을 실행한다.","run_daily.ps1, run_eps_cache_refresh.ps1, run_assumptions_refresh.ps1, 시간 파라미터","Windows Scheduled Tasks 3개","1회 초기 설정 또는 재등록","schtasks","실행 권한 필요. 관리자 권한이 있으면 안정적"
"remove_scheduled_tasks.ps1","PowerShell","운영 정리","Scheduler 삭제기","UPValuation-Daily, UPValuation-EPS-Monthly, UPValuation-Assumptions-Monthly 작업을 schtasks /Delete로 제거한다. 설치 해제 또는 스케줄 재구성 시 사용한다.","Task Prefix","Windows Scheduled Tasks 삭제","필요 시 수동","schtasks","권한 오류가 나면 관리자 PowerShell로 재시도"
"set_dart_api_key_env.ps1","PowerShell","환경변수 설정","DART 키 입력 도구","사용자가 입력한 DART API 키를 현재 세션과 User/Machine 환경변수에 저장한다. 프로젝트 파일에는 키를 기록하지 않는다.","DART API Key","DART_API_KEY","1회 초기 설정 또는 교체 시","Windows Environment Variable","DART 기반 EPS 수집과 일일 공시 스캔의 전제 조건"
"set_krx_login_env.ps1","PowerShell","환경변수 설정","KRX 자격증명 입력 도구","사용자가 입력한 KRX ID와 비밀번호를 현재 세션과 User/Machine 환경변수에 저장한다. pykrx 계열 데이터 조회를 위한 로그인 자격증명이다.","KRX ID, KRX Password","KRX_ID, KRX_PW","1회 초기 설정 또는 교체 시","Windows Environment Variable","보안상 비밀번호는 SecureString으로 입력받는다"
"check_drive_config.ps1","PowerShell","검증 도구","Google Drive 업로드 설정 검증","up_valuation_config.json, JSON 키 파일, Python 경로, Google API 라이브러리, folder id 형식을 점검한다. 업로드 활성화 여부와 서비스 계정 형식을 확인하는 진단용 스크립트다.","up_valuation_config.json, service account JSON, pythonPath","검증 로그","설정 후 또는 장애 시","google-auth, google-api-python-client","업로드 활성화 전 체크리스트 성격"
"preprocess_daily_updates.py","Python","일일 전처리","DART 공시/주식수/EPS 전처리","당일 DART 공시를 스캔해 잠정실적/공정공시 관련 종목을 찾고, 주식수 변동을 감지해 EPS를 리밸런싱하며, forward_eps_auto를 채운다. universe.csv와 eps_cache.csv를 기준으로 일일 데이터 업데이트를 수행한다.","universe.csv, eps_cache.csv, assumptions.csv, DART_API_KEY, KRX_ID, KRX_PW","eps_cache.csv 업데이트, 필요 시 universe 재생성","매일 일일 파이프라인 1단계","requests, pykrx, FinanceDataReader, numpy, pandas, refresh_eps_cache._dart_fetch_eps","메인 파이프라인의 전처리 단계로 사용된다"
"refresh_eps_cache.py","Python","월간 캐시 갱신","EPS 캐시 본체","DART EPS를 우선 수집하고 Naver 스크래핑으로 보조하며, corpCode 캐시와 shares_outstanding 추정까지 반영해 eps_cache.csv를 재작성한다. 필요 시 시장 레짐 스냅샷도 갱신한다. 제한 갱신 시 기존 캐시를 병합하고 현재 universe에 맞춰 정렬/필터링한다.","universe.csv, DART_API_KEY, KRX_ID, KRX_PW, dart_corp_code_cache.csv","eps_cache.csv, dart_corp_code_cache.csv, market_regime.csv(구버전 경로)","월간/수동 강제 갱신","requests, yfinance, pykrx, bs4, pandas, numpy, urllib3","공식 데이터 우선, 스크래핑 fallback 보조. 캐시 수명 관리(should_refresh) 포함"
"refresh_assumptions.py","Python","월간 동기화","assumptions 정합성/섹터 보정","universe.csv를 기준으로 assumptions.csv를 left-merge로 재구성하고 DEFAULT_ASSUMPTION 기본값을 채운 뒤, eps_cache.csv의 naver_sector를 이용해 sector_group을 보정한다. 수동값은 유지하고 빈 값/기타 값만 자동 갱신한다.","universe.csv, assumptions.csv, eps_cache.csv","assumptions.csv","월간/수동 재동기화","pandas, numpy","일일 파이프라인 2단계에 통합되어 섹터 매핑을 자동 복구한다"
"build_daily_report.py","Python","핵심 분석 엔진","일일 리포트/점수/액션 생성","가격, 기술지표, EPS, 밸류에이션, 시장 레짐을 종합해 종목별 총점과 액션(최종매수후보/진입대기/관찰/제외)을 계산하고 권장비중을 산출한다. compact/full 출력, 핵심근거, 30일 타임라인, 전일비교, 컬럼사전 문서까지 생성한다. 시장 레짐은 MA/HV20/ROC60 3신호로 판정하고, 레짐별 비중배수를 적용한다.","universe.csv, assumptions.csv, eps_cache.csv, yfinance 히스토리, output/이전 리포트","output/상세리포트_YYYY-MM-DD.csv, 종목선정_핵심근거, 최종매수_30일타임라인, 최종매수_전일비교, full 파일들, up_column_dictionary_ko.csv","매일 일일 파이프라인 3단계","pandas, numpy, yfinance, pykrx, FinanceDataReader, requests","현재 시스템의 사실상 메인 제품. 출력 파일이 가장 중요"
"upload_to_google_drive.py","Python","통합/배포","Google Drive 업로드","서비스 계정 JSON과 folder id를 이용해 output 폴더의 당일 CSV 파일을 Google Drive에 업로드/업데이트한다. 기존 파일이 있으면 update, 없으면 create 한다.","output/*.csv, GOOGLE_DRIVE_FOLDER_ID, GOOGLE_SERVICE_ACCOUNT_JSON","Google Drive 파일 업로드/업데이트","일일 실행 후 선택적","google-auth, google-api-python-client","설정이 비어 있으면 스킵하도록 안전장치 존재"
"refresh_daily_preprocess.py","Python","레거시/대체 전처리","시장 레짐 스냅샷 + EPS 갱신 통합형 구버전 경로","시장 레짐 스냅샷을 market_regime.csv로 저장하고, EPS 캐시를 기존 값과 병합하면서 DART 공시/스크래핑 기반 갱신을 수행하는 통합형 전처리 스크립트다. 현재 메인 run_daily.ps1에서는 직접 호출되지 않는 것으로 보이는 보조/구버전 경로다.","universe.csv, eps_cache.csv, assumptions.csv, DART_API_KEY, KRX_ID, KRX_PW","market_regime.csv, eps_cache.csv","수동/레거시 경로","pandas, numpy, requests, yfinance, pykrx, bs4","현재 메인 파이프라인보다 기능이 넓지만 분리도가 낮아 분석용 참고 파일로 보는 것이 좋음"
"day1_validation.py","Python","검증","Day 1 초기 검증 스크립트","상세리포트_2026-04-25.csv를 읽어 섹터 다양성, 손실 플래그, 액션-비중 일치, 레짐 분포를 점검한다. 현재 스키마 변경 이후에는 컬럼명 불일치로 실패할 수 있는 구버전 검증기다.","output/상세리포트_2026-04-25.csv","검증 로그","Day 1 완료 확인용(구버전)","pandas","현재 스키마와 맞지 않아 KeyError가 날 수 있는 레거시 스크립트"
"day1_validation_fixed.py","Python","검증","Day 1 수정판 검증기","Korean column name 기준으로 섹터 다양성, 손실 플래그, 액션-비중 정합성을 검증하고 마켓레짐 분포와 종목 수 통계를 출력한다. Day 1 개선사항의 PASS/FAIL을 사용자 친화적으로 보여준다.","output/상세리포트_2026-04-25.csv","검증 로그","Day 1 이후 반복 검증","pandas, numpy","현재 기준의 실사용 검증 스크립트"
